,0
0,0.5736047
1,-0.9507631
2,0.4311172
3,-1.7393454
4,-1.0581275
5,0.03203152
6,0.49648732
7,-0.038986165
8,-0.18114278
9,0.080967866
10,0.4202363
11,0.2345939
12,1.1420354
13,1.3567731
14,-0.24676168
15,-1.4955604
16,1.6125176
17,1.3562704
18,-0.2104389
19,-0.92246336
20,-0.2784876
21,-1.0992454
22,-0.61793154
23,-0.38948405
24,1.5680127
25,-0.32038972
26,-0.9792712
27,1.0030334
28,1.2373128
29,0.88660914
30,1.2311487
31,0.42691815
32,0.62497205
33,0.26949844
34,-0.12126994
35,0.8186539
36,0.6455405
37,0.6419489
38,0.2010343
39,0.50308836
40,-0.072232574
41,1.2310439
42,0.29208747
43,0.7674987
44,-0.37397596
45,0.8818759
46,1.4162318
47,0.69005805
48,0.56603503
49,-0.90880793
50,-0.6217707
51,-0.22163934
52,0.33802828
53,0.3362931
54,-0.09572075
55,0.5124993
56,0.69547325
57,-0.2726291
58,-0.8222354
59,-0.45593014
60,0.33407295
61,-0.46034008
62,-0.014496524
63,-0.13216096
64,-0.5117933
65,0.8403362
66,0.69130826
67,0.5545555
68,0.010795042
69,0.3786145
70,1.3950925
71,0.03163119
72,0.81344074
73,-0.14331087
74,0.44494313
75,-0.37922698
76,0.14842552
77,1.3467813
78,0.9069831
79,-0.06880134
80,0.8105298
81,-0.04267628
82,0.03943196
83,0.9835081
84,0.6252486
85,0.7076638
86,0.09716548
87,-0.4979207
88,1.0822939
89,1.5984833
90,0.29368627
91,1.4754883
92,0.99449384
93,0.807384
94,0.6381034
95,0.81263
96,0.67604643
97,0.326843
98,0.7521813
99,-0.40518788
100,0.48111436
101,0.8713435
102,1.5402042
103,-0.4560097
104,-0.17104736
105,0.50998867
106,-0.068515934
107,0.68700063
108,1.052615
109,0.5579943
110,0.746242
111,-0.9099609
112,1.8725432
113,0.1777848
114,0.0033466145
115,-0.45058313
116,0.053055838
117,0.023366947
118,0.7041896
119,0.5479848
120,1.4962183
121,0.3900296
122,-0.11838428
123,0.519507
124,1.1148899
125,0.5679394
126,0.581951
127,0.22333159
128,-0.049613245
129,-0.08646389
130,0.5702442
131,0.33814952
132,-0.4803099
133,0.0073777065
134,-1.2883935
135,-1.347818
136,-0.786808
137,-0.14476444
138,0.67300546
139,0.04947938
140,-0.19948475
141,0.8175236
142,0.652312
143,-0.47413066
144,0.54005516
145,-0.8363682
146,-0.060509317
147,-0.2586087
148,0.24144119
149,0.31085125
150,0.40601128
151,-0.14671558
152,-0.6140747
153,-1.0092139
154,0.058803175
155,-0.29138783
156,0.539766
157,0.73011255
158,-1.4481773
159,-1.1979415
160,0.02496827
161,1.143215
162,-0.39662054
163,-0.48833293
164,0.3358435
165,-0.060425967
166,0.16885754
167,-0.45683813
168,1.3390222
169,0.04471582
170,0.43651724
171,0.50541586
172,0.9223421
173,1.3314753
174,0.56652
175,0.89759487
176,0.25222993
177,0.09184878
178,-0.54627734
179,-0.17677702
180,-0.5360809
181,0.29794466
182,0.37207535
183,0.18315959
184,-0.75627047
185,1.4142857
186,0.6363278
187,0.62786275
188,0.8337288
189,0.18149385
190,0.6457956
191,0.49026263
192,1.5680127
193,-0.32038972
194,-0.9792712
195,1.0030334
196,1.2373128
197,0.88660914
198,1.2311475
199,0.4269295
200,0.62497205
201,0.26949844
202,-0.12126994
203,0.8186539
204,0.6455405
205,0.6419489
206,0.2010343
207,0.50308836
208,-0.072232574
209,1.2310439
210,0.29208747
211,0.7674987
212,-0.37397596
213,0.8818759
214,1.4162318
215,0.69005805
216,0.56603503
217,-0.90880793
218,-0.6217707
219,-0.22163934
220,0.33802828
221,0.3362931
222,-0.09573464
223,0.51251316
224,0.69547325
225,-0.2726291
226,-0.8222354
227,-0.45593014
228,0.33407295
229,-0.46034008
230,-0.0144902095
231,-0.13216728
232,-0.5117933
233,0.8403362
234,0.69130826
235,0.5545555
236,0.010795042
237,0.3786145
238,1.3950925
239,0.03163119
240,0.81344074
241,-0.14331087
242,0.44494313
243,-0.37922698
244,0.14842552
245,1.3467813
246,0.9069831
247,-0.06880134
248,0.8105298
249,-0.04267628
250,0.03943196
251,0.9835081
252,0.6252486
253,0.7076638
254,0.09716421
255,-0.49790552
256,1.0822939
257,1.5984833
258,0.29368627
259,1.4754883
260,0.99449384
261,0.807384
262,0.6381072
263,0.8126325
264,0.67604643
265,0.326843
266,0.7521813
267,-0.40518788
268,0.48111436
269,0.8713435
270,1.5402042
271,-0.4560097
272,-0.17104736
273,0.50998867
274,-0.068515934
275,0.68700063
276,1.052615
277,0.5579943
278,0.746242
279,-0.9099609
280,1.8725432
281,0.1777848
282,0.0033466145
283,-0.45058313
284,0.053055838
285,0.023366947
286,0.7041782
287,0.5479772
288,1.4962183
289,0.3900296
290,-0.11838428
291,0.519507
292,1.1148899
293,0.5679394
294,0.58195734
295,0.2233341
296,-0.049613245
297,-0.08646389
298,0.5702442
299,0.33814952
300,-0.4803099
301,0.0073777065
302,-1.2883935
303,-1.347818
304,-0.786808
305,-0.14476444
306,0.67300546
307,0.04947938
308,-0.19948475
309,0.8175236
310,0.652312
311,-0.47413066
312,0.54005516
313,-0.8363682
314,-0.060509317
315,-0.2586087
316,0.24144119
317,0.31085125
318,0.40601128
319,-0.14670421
320,-0.6140747
321,-1.0092139
322,0.058803175
323,-0.29138783
324,0.539766
325,0.73011255
326,-1.4481798
327,-1.197939
328,0.02496827
329,1.143215
330,-0.39662054
331,-0.48833293
332,0.3358435
333,-0.060425967
334,0.16885754
335,-0.45683813
336,1.3390222
337,0.04471582
338,0.43651724
339,0.50541586
340,0.9223421
341,1.3314753
342,0.56652
343,0.89759487
344,0.25222993
345,0.09184878
346,-0.54627734
347,-0.17677702
348,-0.5360809
349,0.29794466
350,0.37209556
351,0.18314569
352,-0.75627047
353,1.4142857
354,0.6363278
355,0.62786275
356,0.8337288
357,0.18149385
358,0.64579177
359,0.49027145
360,1.5680127
361,-0.32038972
362,-0.9792712
363,1.0030334
364,1.2373128
365,0.88660914
366,1.2311475
367,0.4269295
368,0.62497205
369,0.26949844
370,-0.12126994
371,0.8186539
372,0.6455405
373,0.6419489
374,0.2010343
375,0.50308836
376,-0.072232574
377,1.2310439
378,0.29208747
379,0.7674987
380,-0.37397596
381,0.8818759
382,1.4162191
383,0.69004667
384,0.56603503
385,-0.90880793
386,-0.6217707
387,-0.22163934
388,0.33802828
389,0.3362931
390,-0.09572075
391,0.5124993
392,0.69547325
393,-0.2726291
394,-0.8222354
395,-0.45593014
396,0.33407295
397,-0.46034008
398,-0.0144902095
399,-0.13216728
400,-0.5117933
401,0.8403362
402,0.69130826
403,0.5545555
404,0.010795042
405,0.3786145
406,1.3950925
407,0.03163119
408,2.4624465
409,1.0743517
410,1.2304138
411,1.4101548
412,1.5350251
413,2.3556454
414,2.1238348
415,1.1685835
416,1.0877293
417,-0.72488177
418,-1.148601
419,-0.8517172
420,0.5923306
421,0.9689232
422,-0.5138632
423,-1.7347157
424,-0.7358587
425,1.5680721
426,0.33921033
427,1.9748613
428,0.70628214
429,1.8841187
430,1.924105
431,1.2396151
432,0.67604643
433,0.326843
434,0.7521813
435,-0.40518788
436,0.48111436
437,0.8713435
438,1.5402042
439,-0.4560097
440,-0.17104736
441,0.50998867
442,-0.068515934
443,0.68700063
444,1.052615
445,0.5579943
446,0.74625087
447,-0.9099546
448,1.8725432
449,0.1777848
450,0.0033466145
451,-0.45058313
452,0.053055838
453,0.023366947
454,0.7041896
455,0.5479848
456,1.4962183
457,0.3900296
458,-0.11838428
459,0.519507
460,1.1148899
461,0.5679394
462,0.58195734
463,0.2233341
464,-0.049613245
465,-0.08646389
466,0.5702442
467,0.33814952
468,-0.4803099
469,0.0073777065
470,-1.2883935
471,-1.347818
472,-0.786808
473,-0.14476444
474,0.67300546
475,0.04947938
476,-0.19948475
477,0.8175236
478,0.65230566
479,-0.47414583
480,0.54005516
481,-0.8363682
482,-0.060509317
483,-0.2586087
484,0.24144119
485,0.31085125
486,0.40601128
487,-0.14671558
488,-0.6140747
489,-1.0092139
490,0.058803175
491,-0.29138783
492,0.539766
493,0.73011255
494,-1.4481798
495,-1.197939
496,0.02496827
497,1.143215
498,-0.39662054
499,-0.48833293
500,0.3358435
501,-0.060425967
502,0.16885754
503,-0.45683813
504,1.3390222
505,0.04471582
506,0.43651724
507,0.50541586
508,0.9223421
509,1.3314753
510,0.5665174
511,0.89760876
512,0.25222993
513,0.09184878
514,-0.54627734
515,-0.17677702
516,-0.5360809
517,0.29794466
518,0.37207535
519,0.18315959
520,-0.75627047
521,1.4142857
522,0.6363278
523,0.62786275
524,0.8337288
525,0.18149385
526,0.64579177
527,0.49027145
528,1.5680127
529,-0.32038972
530,-0.9792712
531,1.0030334
532,1.2373128
533,0.88660914
534,1.2311475
535,0.4269295
536,0.62497205
537,0.26949844
538,-0.12126994
539,0.8186539
540,0.6455405
541,0.6419489
542,0.20101914
543,0.5030972
544,-0.072232574
545,1.2310439
546,0.29208747
547,0.7674987
548,-0.37397596
549,0.8818759
550,1.4162318
551,0.69005805
552,0.56603503
553,-0.90880793
554,-0.6217707
555,-0.22163934
556,0.33802828
557,0.3362931
558,-0.09572075
559,0.5124993
560,0.69547325
561,-0.2726291
562,-0.8222354
563,-0.45593014
564,0.33407295
565,-0.46034008
566,-0.0144902095
567,-0.13216728
568,-0.5117933
569,0.8403362
570,0.69130826
571,0.5545555
572,0.010795042
573,0.3786145
574,1.3950862
575,0.031624876
576,0.81344074
577,-0.14331087
578,0.44494313
579,-0.37922698
580,0.14842552
581,1.3467813
582,0.9069831
583,-0.06880134
584,0.8105298
585,-0.04267628
586,0.03943196
587,0.9835081
588,0.6252486
589,0.7076638
590,0.09716548
591,-0.4979207
592,1.0822939
593,1.5984833
594,0.29368627
595,1.4754883
596,0.99449384
597,0.807384
598,0.6381072
599,0.8126325
600,0.67604643
601,0.326843
602,0.7521813
603,-0.40518788
604,0.48111436
605,0.8713435
606,1.540213
607,-0.45600086
608,-0.17104736
609,0.50998867
610,-0.068515934
611,0.68700063
612,1.052615
613,0.5579943
614,0.746242
615,-0.9099609
616,1.8725432
617,0.1777848
618,0.0033466145
619,-0.45058313
620,0.053055838
621,0.023366947
622,0.7041896
623,0.5479848
624,0.5736047
625,-0.9507631
626,0.4311172
627,-1.7393454
628,-1.0581275
629,0.03203152
630,0.49648732
631,-0.038986165
632,-0.18114278
633,0.080967866
634,0.4202363
635,0.2345939
636,1.1420354
637,1.3567731
638,-0.24673894
639,-1.4955451
640,1.6125176
641,1.3562704
642,-0.2104389
643,-0.92246336
644,-0.2784876
645,-1.0992454
646,-0.61793154
647,-0.38948405
648,0.5736047
649,-0.9507631
650,0.4311172
651,-1.7393454
652,-1.0581275
653,0.03203152
654,0.49648732
655,-0.038986165
656,-0.18114278
657,0.080967866
658,0.4202363
659,0.2345939
660,1.1420354
661,1.3567731
662,-0.24676168
663,-1.4955604
664,1.6125176
665,1.3562704
666,-0.2104389
667,-0.92246336
668,-0.2784876
669,-1.0992454
670,-0.6179265
671,-0.38949794
672,39.94271
673,39.732136
674,32.104813
675,29.806484
676,31.975298
677,28.130272
678,27.336098
679,25.223188
680,19.86511
681,13.558932
682,9.4005
683,8.228086
684,7.5858507
685,10.764554
686,13.914295
687,15.67503
688,21.5623
689,26.460714
690,28.968538
691,32.83398
692,28.146112
693,33.541462
694,29.972168
695,28.577482
696,99.13131
697,97.52939
698,66.47306
699,68.9604
700,61.81356
701,53.384422
702,52.046146
703,38.622944
704,23.076527
705,14.43333
706,9.020597
707,7.4875517
708,8.049278
709,11.822792
710,20.333553
711,39.428078
712,73.983
713,101.777466
714,97.74129
715,103.539215
716,98.78654
717,131.83821
718,109.49494
719,107.1735
720,102.59655
721,100.330315
722,66.98551
723,70.01754
724,63.949253
725,56.704136
726,53.986065
727,39.463684
728,23.49542
729,14.289524
730,9.086133
731,7.8895555
732,8.4606905
733,11.987796
734,20.871872
735,38.34239
736,75.46343
737,100.260864
738,100.697
739,105.26755
740,98.221344
741,122.8889
742,104.71486
743,101.99118
744,84.79774
745,74.67259
746,49.714687
747,54.6927
748,53.00542
749,46.49115
750,43.958584
751,37.32251
752,26.771168
753,17.540895
754,10.370724
755,9.032229
756,9.374025
757,12.873323
758,17.993015
759,22.849583
760,30.800146
761,38.660385
762,44.770344
763,49.79249
764,45.203545
765,48.07379
766,44.6575
767,41.958256
768,44.05902
769,46.38724
770,36.47662
771,34.297356
772,33.694923
773,31.922228
774,30.896692
775,25.89758
776,21.402668
777,15.131893
778,9.9921055
779,8.397273
780,8.572813
781,11.587132
782,15.290187
783,17.340944
784,23.081842
785,28.451588
786,33.535805
787,40.439873
788,35.899307
789,37.813694
790,31.904505
791,32.69001
792,36.13506
793,39.6631
794,31.881853
795,28.630451
796,27.100496
797,25.518461
798,25.287872
799,20.98633
800,15.810468
801,10.908956
802,7.5596333
803,6.4494076
804,6.6006136
805,10.573708
806,20.533445
807,36.706276
808,68.382545
809,90.36094
810,81.93933
811,86.22715
812,81.872955
813,108.67612
814,95.03554
815,92.67313
816,79.12882
817,81.98763
818,61.10329
819,62.37129
820,53.483013
821,45.94169
822,45.007946
823,32.28598
824,20.985826
825,13.857933
826,8.583877
827,6.8444233
828,6.8419433
829,11.212503
830,19.906548
831,36.321766
832,68.33441
833,92.541534
834,89.7953
835,96.20208
836,90.10637
837,122.85912
838,101.81231
839,101.2305
840,92.22203
841,89.68279
842,65.40768
843,65.51463
844,58.34549
845,49.671036
846,50.127556
847,34.126007
848,21.8273
849,14.201283
850,8.867852
851,7.9589896
852,7.6084075
853,11.579595
854,20.301443
855,36.971603
856,71.502106
857,95.5611
858,94.40452
859,104.86549
860,93.50323
861,127.27198
862,110.57822
863,105.79004
864,99.13131
865,97.52939
866,66.47306
867,68.9604
868,61.81356
869,53.384422
870,52.046146
871,38.62296
872,23.076527
873,14.43333
874,9.020597
875,7.4875517
876,8.049278
877,11.822792
878,20.333553
879,39.428078
880,73.983
881,101.777466
882,97.74129
883,103.539215
884,98.78654
885,131.83821
886,109.49494
887,107.1735
888,102.59655
889,100.330315
890,66.98551
891,70.01754
892,63.949253
893,56.704136
894,53.9861
895,39.46367
896,23.49542
897,14.289524
898,9.086133
899,7.8895555
900,8.4606905
901,11.987796
902,20.871866
903,38.342396
904,75.46343
905,100.260864
906,100.697
907,105.26755
908,98.221344
909,122.8889
910,104.71486
911,101.99118
912,84.79774
913,74.67259
914,49.714687
915,54.6927
916,53.00542
917,46.49115
918,43.958584
919,37.32251
920,26.771168
921,17.540895
922,10.370724
923,9.032229
924,9.374025
925,12.873323
926,17.99302
927,22.849575
928,30.800146
929,38.660385
930,44.770344
931,49.79249
932,45.203545
933,48.07379
934,44.6575
935,41.95826
936,44.05902
937,46.38724
938,36.47662
939,34.297356
940,33.694923
941,31.922228
942,30.896692
943,25.89758
944,21.402668
945,15.131893
946,9.9921055
947,8.397273
948,8.572813
949,11.587132
950,15.290187
951,17.340944
952,23.081842
953,28.451588
954,33.535805
955,40.439873
956,35.899307
957,37.813694
958,31.904512
959,32.690006
960,36.13506
961,39.6631
962,31.881853
963,28.630451
964,27.100496
965,25.518461
966,25.287872
967,20.986341
968,15.810468
969,10.908956
970,7.5596333
971,6.4494076
972,6.6006136
973,10.573708
974,20.533445
975,36.706276
976,68.382545
977,90.36094
978,81.93933
979,86.22715
980,81.872955
981,108.67612
982,95.03554
983,92.67313
984,79.12882
985,81.98763
986,61.10329
987,62.37129
988,53.483013
989,45.94169
990,45.00793
991,32.285976
992,20.985826
993,13.857933
994,8.583877
995,6.8444233
996,6.8419433
997,11.212503
998,19.90654
999,36.32179
1000,68.33441
1001,92.541534
1002,89.7953
1003,96.20208
1004,90.10637
1005,122.85912
1006,101.81231
1007,101.2305
1008,92.22203
1009,89.68279
1010,65.40768
1011,65.51463
1012,58.34549
1013,49.671036
1014,50.127556
1015,34.126007
1016,21.8273
1017,14.201283
1018,8.867852
1019,7.9589896
1020,7.6084075
1021,11.579595
1022,20.301437
1023,36.971603
1024,71.502106
1025,95.5611
1026,94.40452
1027,104.86549
1028,93.50323
1029,127.27198
1030,110.57825
1031,105.79005
1032,99.13131
1033,97.52939
1034,66.47306
1035,68.9604
1036,61.81356
1037,53.384422
1038,52.046146
1039,38.62296
1040,23.076527
1041,14.43333
1042,9.020597
1043,7.4875517
1044,8.049278
1045,11.822792
1046,20.333553
1047,39.428078
1048,73.983
1049,101.777466
1050,97.74129
1051,103.539215
1052,98.78654
1053,131.83821
1054,109.49499
1055,107.17348
1056,102.59655
1057,100.330315
1058,66.98551
1059,70.01754
1060,63.949253
1061,56.704136
1062,53.986065
1063,39.463684
1064,23.49542
1065,14.289524
1066,9.086133
1067,7.8895555
1068,8.4606905
1069,11.987796
1070,20.871866
1071,38.342396
1072,75.46343
1073,100.260864
1074,100.697
1075,105.26755
1076,98.221344
1077,122.8889
1078,104.71486
1079,101.99118
1080,82.4438
1081,77.692184
1082,58.521595
1083,56.29036
1084,51.914734
1085,49.546394
1086,48.807663
1087,34.6765
1088,24.670336
1089,15.871968
1090,9.853117
1091,8.246156
1092,8.017782
1093,13.113622
1094,24.090942
1095,39.02204
1096,60.541443
1097,81.76209
1098,82.18663
1099,83.04826
1100,80.759605
1101,89.45469
1102,70.86583
1103,67.798676
1104,44.05902
1105,46.38724
1106,36.47662
1107,34.297356
1108,33.694923
1109,31.922228
1110,30.896692
1111,25.89758
1112,21.402668
1113,15.131893
1114,9.9921055
1115,8.397273
1116,8.572813
1117,11.587132
1118,15.290187
1119,17.340952
1120,23.081842
1121,28.451588
1122,33.535805
1123,40.439873
1124,35.899307
1125,37.813694
1126,31.904505
1127,32.69001
1128,36.13506
1129,39.6631
1130,31.881853
1131,28.630451
1132,27.100496
1133,25.518461
1134,25.287872
1135,20.986341
1136,15.810468
1137,10.908956
1138,7.5596333
1139,6.4494076
1140,6.6006136
1141,10.573708
1142,20.533445
1143,36.706276
1144,68.382545
1145,90.36094
1146,81.93933
1147,86.22715
1148,81.872955
1149,108.67612
1150,95.03553
1151,92.67312
1152,79.12882
1153,81.98763
1154,61.10329
1155,62.37129
1156,53.483013
1157,45.94169
1158,45.007946
1159,32.28598
1160,20.985826
1161,13.857933
1162,8.583877
1163,6.8444233
1164,6.8419433
1165,11.212503
1166,19.90654
1167,36.32179
1168,68.33441
1169,92.541534
1170,89.7953
1171,96.20208
1172,90.10637
1173,122.85912
1174,101.81231
1175,101.2305
1176,92.22203
1177,89.68279
1178,65.40768
1179,65.51463
1180,58.34549
1181,49.671036
1182,50.12758
1183,34.12601
1184,21.8273
1185,14.201283
1186,8.867852
1187,7.9589896
1188,7.6084075
1189,11.579595
1190,20.301443
1191,36.971603
1192,71.502106
1193,95.5611
1194,94.40452
1195,104.86549
1196,93.50323
1197,127.27198
1198,110.57825
1199,105.79005
1200,99.13131
1201,97.52939
1202,66.47306
1203,68.9604
1204,61.81356
1205,53.384422
1206,52.046146
1207,38.62296
1208,23.076527
1209,14.43333
1210,9.020597
1211,7.4875517
1212,8.049278
1213,11.822792
1214,20.333557
1215,39.428078
1216,73.983
1217,101.777466
1218,97.74129
1219,103.539215
1220,98.78654
1221,131.83821
1222,109.49494
1223,107.1735
1224,102.59655
1225,100.330315
1226,66.98551
1227,70.01754
1228,63.949253
1229,56.704136
1230,53.986065
1231,39.463684
1232,23.49542
1233,14.289524
1234,9.086133
1235,7.8895555
1236,8.4606905
1237,11.987796
1238,20.871866
1239,38.342396
1240,75.46343
1241,100.260864
1242,100.697
1243,105.26755
1244,98.221344
1245,122.8889
1246,104.71484
1247,101.99117
1248,84.79774
1249,74.67259
1250,49.714687
1251,54.6927
1252,53.00542
1253,46.49115
1254,43.958584
1255,37.32251
1256,26.771168
1257,17.540895
1258,10.370724
1259,9.032229
1260,9.374025
1261,12.873323
1262,17.993015
1263,22.849583
1264,30.800146
1265,38.660385
1266,44.770344
1267,49.79249
1268,45.203545
1269,48.07379
1270,44.6575
1271,41.95826
1272,44.05902
1273,46.38724
1274,36.47662
1275,34.297356
1276,33.694923
1277,31.922228
1278,30.896704
1279,25.897598
1280,21.402668
1281,15.131893
1282,9.9921055
1283,8.397273
1284,8.572813
1285,11.587132
1286,15.290187
1287,17.340944
1288,23.081842
1289,28.451588
1290,33.535805
1291,40.439873
1292,35.899307
1293,37.813694
1294,31.904505
1295,32.69001
1296,39.94271
1297,39.732136
1298,32.104813
1299,29.806484
1300,31.975298
1301,28.130272
1302,27.336098
1303,25.223188
1304,19.86511
1305,13.558932
1306,9.4005
1307,8.228086
1308,7.5858507
1309,10.764554
1310,13.914295
1311,15.67503
1312,21.5623
1313,26.460714
1314,28.968538
1315,32.83398
1316,28.146112
1317,33.541462
1318,29.972168
1319,28.577482
1320,39.94271
1321,39.732136
1322,32.104813
1323,29.806484
1324,31.975298
1325,28.130272
1326,27.336098
1327,25.223188
1328,19.86511
1329,13.558932
1330,9.4005
1331,8.228086
1332,7.5858507
1333,10.764554
1334,13.914295
1335,15.67503
1336,21.5623
1337,26.460714
1338,28.968538
1339,32.83398
1340,28.146112
1341,33.541462
1342,29.972176
1343,28.577482
1344,37.580944
1345,39.49289
1346,29.404816
1347,28.085901
1348,26.971357
1349,23.43675
1350,22.80663
1351,20.975826
1352,16.469524
1353,10.85188
1354,8.231515
1355,6.1676087
1356,6.1877036
1357,9.127495
1358,11.04153
1359,12.72532
1360,16.271383
1361,19.8134
1362,22.180265
1363,26.472485
1364,24.103231
1365,28.347523
1366,24.839891
1367,28.17214
1368,115.050186
1369,114.598946
1370,77.845474
1371,75.94835
1372,63.86364
1373,51.54094
1374,51.36165
1375,37.68653
1376,21.174973
1377,12.742652
1378,7.6977806
1379,5.1239758
1380,5.6553764
1381,9.705923
1382,15.667244
1383,26.450758
1384,50.089672
1385,88.85113
1386,95.18777
1387,114.38797
1388,109.9986
1389,139.17235
1390,116.88924
1391,123.316696
1392,121.99946
1393,119.82033
1394,79.875755
1395,82.71569
1396,69.36589
1397,55.927547
1398,51.56803
1399,39.456753
1400,22.557728
1401,13.013099
1402,7.9729266
1403,5.1839285
1404,6.389057
1405,9.633912
1406,15.752429
1407,25.848774
1408,47.45038
1409,78.46103
1410,95.469666
1411,113.2078
1412,110.70648
1413,127.53458
1414,113.83523
1415,117.15962
1416,87.3994
1417,83.28049
1418,48.79213
1419,56.69645
1420,52.51533
1421,42.16847
1422,38.726658
1423,34.261078
1424,23.814224
1425,14.324133
1426,9.552209
1427,7.1609254
1428,7.3675265
1429,10.771423
1430,13.2449255
1431,15.850397
1432,20.245619
1433,26.797777
1434,32.602295
1435,38.12771
1436,37.267033
1437,39.14074
1438,36.073135
1439,37.0553
1440,34.786205
1441,37.435287
1442,26.961779
1443,26.558765
1444,24.459963
1445,22.942005
1446,21.204632
1447,18.434282
1448,16.130053
1449,11.001438
1450,8.126737
1451,6.1719704
1452,6.542052
1453,8.688355
1454,10.983212
1455,12.796075
1456,15.5711155
1457,18.300983
1458,21.094591
1459,26.153841
1460,25.02166
1461,24.599312
1462,23.313927
1463,25.46597
1464,36.28632
1465,40.87935
1466,31.602371
1467,28.551964
1468,24.525913
1469,21.807455
1470,22.644413
1471,18.51579
1472,12.962053
1473,7.300239
1474,5.295929
1475,2.8297646
1476,3.864889
1477,7.5442786
1478,13.669092
1479,24.203379
1480,44.06509
1481,72.67517
1482,77.38956
1483,91.73275
1484,87.52454
1485,113.22584
1486,101.12565
1487,107.78289
1488,94.03375
1489,100.45002
1490,70.12585
1491,68.509865
1492,60.32827
1493,45.715736
1494,44.296345
1495,32.64425
1496,19.608671
1497,11.480308
1498,6.7269874
1499,4.2143145
1500,4.997449
1501,8.932288
1502,14.410309
1503,24.217016
1504,45.267254
1505,75.952934
1506,81.90019
1507,101.5362
1508,97.34113
1509,129.6286
1510,108.48949
1511,117.14758
1512,105.51081
1513,110.163
1514,76.888565
1515,74.06673
1516,63.84005
1517,49.37649
1518,46.784176
1519,34.11538
1520,20.765234
1521,11.905873
1522,6.904617
1523,4.7629623
1524,5.703618
1525,9.321287
1526,15.282502
1527,25.262201
1528,45.80295
1529,80.199234
1530,91.111115
1531,110.3276
1532,102.82007
1533,133.61102
1534,116.484955
1535,122.68262
1536,115.050186
1537,114.598946
1538,77.845474
1539,75.94835
1540,63.86364
1541,51.54094
1542,51.36165
1543,37.6865
1544,21.174973
1545,12.742652
1546,7.6977806
1547,5.1239758
1548,5.6553764
1549,9.705923
1550,15.667244
1551,26.450758
1552,50.089672
1553,88.85113
1554,95.18777
1555,114.38797
1556,109.9986
1557,139.17235
1558,116.88924
1559,123.316696
1560,121.99946
1561,119.82033
1562,79.875755
1563,82.71569
1564,69.36589
1565,55.927547
1566,51.568043
1567,39.456764
1568,22.557728
1569,13.013099
1570,7.9729266
1571,5.1839285
1572,6.389057
1573,9.633912
1574,15.75243
1575,25.84877
1576,47.45038
1577,78.46103
1578,95.469666
1579,113.2078
1580,110.70648
1581,127.53458
1582,113.83523
1583,117.15962
1584,87.3994
1585,83.28049
1586,48.79213
1587,56.69645
1588,52.51533
1589,42.16847
1590,38.726658
1591,34.261078
1592,23.814224
1593,14.324133
1594,9.552209
1595,7.1609254
1596,7.3675265
1597,10.771423
1598,13.244926
1599,15.850401
1600,20.245619
1601,26.797777
1602,32.602295
1603,38.12771
1604,37.267033
1605,39.14074
1606,36.07313
1607,37.055313
1608,34.786205
1609,37.435287
1610,26.961779
1611,26.558765
1612,24.459963
1613,22.942005
1614,21.204632
1615,18.434282
1616,16.130053
1617,11.001438
1618,8.126737
1619,6.1719704
1620,6.542052
1621,8.688355
1622,10.983212
1623,12.796075
1624,15.5711155
1625,18.300983
1626,21.094591
1627,26.153841
1628,25.02166
1629,24.599312
1630,23.313929
1631,25.465971
1632,36.28632
1633,40.87935
1634,31.602371
1635,28.551964
1636,24.525913
1637,21.807455
1638,22.644413
1639,18.51579
1640,12.962053
1641,7.300239
1642,5.295929
1643,2.8297646
1644,3.864889
1645,7.5442786
1646,13.669092
1647,24.203379
1648,44.06509
1649,72.67517
1650,77.38956
1651,91.73275
1652,87.52454
1653,113.22584
1654,101.12565
1655,107.78289
1656,94.03375
1657,100.45002
1658,70.12585
1659,68.509865
1660,60.32827
1661,45.715736
1662,44.296368
1663,32.644245
1664,19.608671
1665,11.480308
1666,6.7269874
1667,4.2143145
1668,4.997449
1669,8.932288
1670,14.410309
1671,24.217007
1672,45.267254
1673,75.952934
1674,81.90019
1675,101.5362
1676,97.34113
1677,129.6286
1678,108.48949
1679,117.14758
1680,105.51081
1681,110.163
1682,76.888565
1683,74.06673
1684,63.84005
1685,49.37649
1686,46.784176
1687,34.11538
1688,20.765234
1689,11.905873
1690,6.904617
1691,4.7629623
1692,5.703618
1693,9.321287
1694,15.282502
1695,25.262194
1696,45.80295
1697,80.199234
1698,91.111115
1699,110.3276
1700,102.82007
1701,133.61102
1702,116.484985
1703,122.68262
1704,115.050186
1705,114.598946
1706,77.845474
1707,75.94835
1708,63.86364
1709,51.54094
1710,51.36165
1711,37.6865
1712,21.174973
1713,12.742652
1714,7.6977806
1715,5.1239758
1716,5.6553764
1717,9.705923
1718,15.667244
1719,26.450758
1720,50.089672
1721,88.85113
1722,95.18777
1723,114.38797
1724,109.9986
1725,139.17235
1726,116.88926
1727,123.316666
1728,121.99946
1729,119.82033
1730,79.875755
1731,82.71569
1732,69.36589
1733,55.927547
1734,51.56803
1735,39.456753
1736,22.557728
1737,13.013099
1738,7.9729266
1739,5.1839285
1740,6.389057
1741,9.633912
1742,15.75243
1743,25.84877
1744,47.45038
1745,78.46103
1746,95.469666
1747,113.2078
1748,110.70648
1749,127.53458
1750,113.83523
1751,117.15962
1752,92.92083
1753,89.04668
1754,65.28743
1755,61.915714
1756,52.8048
1757,48.12062
1758,48.528847
1759,33.6255
1760,22.861992
1761,13.793327
1762,8.38791
1763,5.4333644
1764,5.727177
1765,10.675689
1766,18.003359
1767,26.404236
1768,40.24923
1769,68.45608
1770,75.4968
1771,83.10435
1772,81.11448
1773,94.94729
1774,79.07564
1775,82.7491
1776,34.786205
1777,37.435287
1778,26.961779
1779,26.558765
1780,24.459963
1781,22.942005
1782,21.204632
1783,18.434282
1784,16.130053
1785,11.001438
1786,8.126737
1787,6.1719704
1788,6.542052
1789,8.688355
1790,10.983215
1791,12.796075
1792,15.5711155
1793,18.300983
1794,21.094591
1795,26.153841
1796,25.02166
1797,24.599312
1798,23.313927
1799,25.46597
1800,36.28632
1801,40.87935
1802,31.602371
1803,28.551964
1804,24.525913
1805,21.807455
1806,22.644413
1807,18.51579
1808,12.962053
1809,7.300239
1810,5.295929
1811,2.8297646
1812,3.864889
1813,7.5442786
1814,13.669092
1815,24.203379
1816,44.06509
1817,72.67517
1818,77.38956
1819,91.73275
1820,87.52454
1821,113.22584
1822,101.12564
1823,107.78288
1824,94.03375
1825,100.45002
1826,70.12585
1827,68.509865
1828,60.32827
1829,45.715736
1830,44.296345
1831,32.64425
1832,19.608671
1833,11.480308
1834,6.7269874
1835,4.2143145
1836,4.997449
1837,8.932288
1838,14.410309
1839,24.217007
1840,45.267254
1841,75.952934
1842,81.90019
1843,101.5362
1844,97.34113
1845,129.6286
1846,108.48949
1847,117.14758
1848,105.51081
1849,110.163
1850,76.888565
1851,74.06673
1852,63.84005
1853,49.37649
1854,46.784164
1855,34.11537
1856,20.765234
1857,11.905873
1858,6.904617
1859,4.7629623
1860,5.703618
1861,9.321287
1862,15.282502
1863,25.262201
1864,45.80295
1865,80.199234
1866,91.111115
1867,110.3276
1868,102.82007
1869,133.61102
1870,116.484985
1871,122.68262
1872,115.050186
1873,114.598946
1874,77.845474
1875,75.94835
1876,63.86364
1877,51.54094
1878,51.36165
1879,37.6865
1880,21.174973
1881,12.742652
1882,7.6977806
1883,5.1239758
1884,5.6553764
1885,9.705923
1886,15.667248
1887,26.450752
1888,50.089672
1889,88.85113
1890,95.18777
1891,114.38797
1892,109.9986
1893,139.17235
1894,116.88924
1895,123.316696
1896,121.99946
1897,119.82033
1898,79.875755
1899,82.71569
1900,69.36589
1901,55.927547
1902,51.56803
1903,39.456753
1904,22.557728
1905,13.013099
1906,7.9729266
1907,5.1839285
1908,6.389057
1909,9.633912
1910,15.75243
1911,25.84877
1912,47.45038
1913,78.46103
1914,95.469666
1915,113.2078
1916,110.70648
1917,127.53458
1918,113.83525
1919,117.159615
1920,87.3994
1921,83.28049
1922,48.79213
1923,56.69645
1924,52.51533
1925,42.16847
1926,38.726658
1927,34.261078
1928,23.814224
1929,14.324133
1930,9.552209
1931,7.1609254
1932,7.3675265
1933,10.771423
1934,13.2449255
1935,15.850397
1936,20.245619
1937,26.797777
1938,32.602295
1939,38.12771
1940,37.267033
1941,39.14074
1942,36.07313
1943,37.055313
1944,34.786205
1945,37.435287
1946,26.961779
1947,26.558765
1948,24.459963
1949,22.942005
1950,21.204641
1951,18.43429
1952,16.130053
1953,11.001438
1954,8.126737
1955,6.1719704
1956,6.542052
1957,8.688355
1958,10.983212
1959,12.796075
1960,15.5711155
1961,18.300983
1962,21.094591
1963,26.153841
1964,25.02166
1965,24.599312
1966,23.313927
1967,25.46597
1968,37.580944
1969,39.49289
1970,29.404816
1971,28.085901
1972,26.971357
1973,23.43675
1974,22.80663
1975,20.975826
1976,16.469524
1977,10.85188
1978,8.231515
1979,6.1676087
1980,6.1877036
1981,9.127495
1982,11.041531
1983,12.725319
1984,16.271383
1985,19.8134
1986,22.180265
1987,26.472485
1988,24.103231
1989,28.347523
1990,24.839891
1991,28.17214
1992,37.580944
1993,39.49289
1994,29.404816
1995,28.085901
1996,26.971357
1997,23.43675
1998,22.80663
1999,20.975826
2000,16.469524
2001,10.85188
2002,8.231515
2003,6.1676087
2004,6.1877036
2005,9.127495
2006,11.04153
2007,12.72532
2008,16.271383
2009,19.8134
2010,22.180265
2011,26.472485
2012,24.103231
2013,28.347523
2014,24.839882
2015,28.17215
2016,-0.7719074
2017,-1.5412802
2018,-0.20940462
2019,-1.4974205
2020,-0.9978241
2021,-0.45633426
2022,-0.79183424
2023,-1.089943
2024,0.68790233
2025,-1.0105829
2026,1.0877634
2027,-0.50248975
2028,0.3803699
2029,0.32376158
2030,-0.8235917
2031,-0.16057688
2032,1.6252878
2033,0.7999103
2034,0.4585544
2035,0.3216829
2036,-0.27439713
2037,-0.8407706
2038,0.22857755
2039,0.50222707
2040,0.46730357
2041,0.21743649
2042,-0.30230033
2043,0.57810557
2044,0.35760787
2045,0.75764954
2046,0.3174889
2047,-0.09512468
2048,-0.015473988
2049,0.20345774
2050,0.60226434
2051,-0.019443199
2052,-0.025714628
2053,-0.3730086
2054,-0.577363
2055,0.35425872
2056,-0.15372705
2057,0.5089089
2058,1.1237338
2059,2.2678657
2060,-0.34715632
2061,1.2508559
2062,2.033461
2063,1.3046796
2064,0.6265873
2065,-1.0974357
2066,-0.13214454
2067,-0.9139415
2068,0.019314386
2069,0.07955092
2070,-0.26486117
2071,0.47220352
2072,0.9854075
2073,0.44743603
2074,0.80949175
2075,-0.8197703
2076,1.0245086
2077,-0.30432597
2078,0.6881536
2079,0.6528108
2080,-0.27156323
2081,0.38465482
2082,1.7841724
2083,1.5123667
2084,-0.47635332
2085,0.9944332
2086,0.81726724
2087,0.48627952
2088,0.104959935
2089,-0.35153344
2090,0.75348204
2091,0.47854945
2092,0.21189249
2093,0.9102665
2094,0.42330632
2095,0.24186298
2096,0.7125018
2097,0.28640202
2098,0.28659648
2099,-0.29421666
2100,0.23779906
2101,0.32889012
2102,0.31959665
2103,0.5292993
2104,0.9844035
2105,0.8167369
2106,0.8014902
2107,1.2948253
2108,0.9948311
2109,1.4226092
2110,1.1164722
2111,1.6332566
2112,0.49732965
2113,0.15801199
2114,0.30213615
2115,0.09974806
2116,-0.043605756
2117,0.970786
2118,0.2971213
2119,0.056627244
2120,0.90135443
2121,-0.43289787
2122,-0.013195764
2123,-1.1731955
2124,0.0973246
2125,-0.87565875
2126,0.3347347
2127,0.4939224
2128,2.3006737
2129,0.6451465
2130,1.1844717
2131,1.0847262
2132,0.018046461
2133,0.8179429
2134,1.3849629
2135,1.0153351
2136,1.5203834
2137,0.4269813
2138,0.9845222
2139,0.7099243
2140,1.0974888
2141,0.73233145
2142,0.041024443
2143,-0.4888002
2144,-0.1935442
2145,-0.3527357
2146,0.022751927
2147,0.19347978
2148,0.8793678
2149,0.6705012
2150,-0.38206342
2151,0.3448377
2152,-1.360885
2153,-0.18196869
2154,0.89948916
2155,1.3684269
2156,0.014144182
2157,-0.12503962
2158,0.38821486
2159,0.69140553
2160,0.84699655
2161,-0.4860926
2162,0.57743245
2163,0.4726872
2164,0.032775354
2165,0.8892245
2166,0.3213192
2167,-0.11548598
2168,0.45732436
2169,-0.5262924
2170,1.3388366
2171,-0.15830244
2172,0.559242
2173,1.2171903
2174,-0.7789378
2175,0.7565698
2176,0.8331883
2177,1.5051494
2178,0.8106814
2179,1.721861
2180,0.45208973
2181,0.40186906
2182,1.4018551
2183,1.1103549
2184,0.8624743
2185,0.025537826
2186,0.34185353
2187,0.50026333
2188,-0.06834418
2189,0.9735188
2190,-0.27250913
2191,0.663693
2192,0.23201257
2193,-0.031523846
2194,0.07714894
2195,0.008645631
2196,0.33302477
2197,0.7358763
2198,0.18583435
2199,0.8688203
2200,0.29858747
2201,1.1381912
2202,1.421383
2203,2.1031692
2204,0.28504568
2205,-0.4688468
2206,0.9049334
2207,1.1259868
2208,0.46730357
2209,0.21743649
2210,-0.30230033
2211,0.57810557
2212,0.35760787
2213,0.75764954
2214,0.31750405
2215,-0.09513351
2216,-0.015473988
2217,0.20345774
2218,0.60226434
2219,-0.019443199
2220,-0.025714628
2221,-0.3730086
2222,-0.577363
2223,0.35425872
2224,-0.15372705
2225,0.5089089
2226,1.1237338
2227,2.2678657
2228,-0.34715632
2229,1.2508559
2230,2.033461
2231,1.3046796
2232,0.6265873
2233,-1.0974357
2234,-0.13214454
2235,-0.9139415
2236,0.019314386
2237,0.07955092
2238,-0.26487505
2239,0.47221616
2240,0.9854075
2241,0.44743603
2242,0.80949175
2243,-0.8197703
2244,1.0245086
2245,-0.30432597
2246,0.68816245
2247,0.6528045
2248,-0.27156323
2249,0.38465482
2250,1.7841724
2251,1.5123667
2252,-0.47635332
2253,0.9944332
2254,0.81726724
2255,0.48627952
2256,0.104959935
2257,-0.35153344
2258,0.75348204
2259,0.47854945
2260,0.21189249
2261,0.9102665
2262,0.42330632
2263,0.24186298
2264,0.7125018
2265,0.28640202
2266,0.28659648
2267,-0.29421666
2268,0.23779906
2269,0.32889012
2270,0.3195878
2271,0.5292867
2272,0.9844035
2273,0.8167369
2274,0.8014902
2275,1.2948253
2276,0.9948311
2277,1.4226092
2278,1.1164786
2279,1.6332539
2280,0.49732965
2281,0.15801199
2282,0.30213615
2283,0.09974806
2284,-0.043605756
2285,0.970786
2286,0.2971213
2287,0.056627244
2288,0.90135443
2289,-0.43289787
2290,-0.013195764
2291,-1.1731955
2292,0.0973246
2293,-0.87565875
2294,0.3347347
2295,0.4939224
2296,2.3006737
2297,0.6451465
2298,1.1844717
2299,1.0847262
2300,0.018046461
2301,0.8179429
2302,1.3849617
2303,1.0153136
2304,1.5203834
2305,0.4269813
2306,0.9845222
2307,0.7099243
2308,1.0974888
2309,0.73233145
2310,0.041016866
2311,-0.48878378
2312,-0.1935442
2313,-0.3527357
2314,0.022751927
2315,0.19347978
2316,0.8793678
2317,0.6705012
2318,-0.38206342
2319,0.3448377
2320,-1.360885
2321,-0.18196869
2322,0.89948916
2323,1.3684269
2324,0.014144182
2325,-0.12503962
2326,0.38821486
2327,0.69140553
2328,0.84699655
2329,-0.4860926
2330,0.57743245
2331,0.4726872
2332,0.032775354
2333,0.8892245
2334,0.32133308
2335,-0.11547083
2336,0.45732436
2337,-0.5262924
2338,1.3388366
2339,-0.15830244
2340,0.559242
2341,1.2171903
2342,-0.7789517
2343,0.7565698
2344,0.8331883
2345,1.5051494
2346,0.8106814
2347,1.721861
2348,0.45208973
2349,0.40186906
2350,1.4018551
2351,1.1103549
2352,0.8624743
2353,0.025537826
2354,0.34185353
2355,0.50026333
2356,-0.06834418
2357,0.9735188
2358,-0.27250913
2359,0.663693
2360,0.23201257
2361,-0.031523846
2362,0.07714894
2363,0.008645631
2364,0.33302477
2365,0.7358763
2366,0.18582803
2367,0.86882406
2368,0.29858747
2369,1.1381912
2370,1.421383
2371,2.1031692
2372,0.28504568
2373,-0.4688468
2374,0.9049435
2375,1.1259805
2376,0.46730357
2377,0.21743649
2378,-0.30230033
2379,0.57810557
2380,0.35760787
2381,0.75764954
2382,0.31750405
2383,-0.09513351
2384,-0.015473988
2385,0.20345774
2386,0.60226434
2387,-0.019443199
2388,-0.025714628
2389,-0.3730086
2390,-0.577363
2391,0.35425872
2392,-0.15372705
2393,0.5089089
2394,1.1237338
2395,2.2678657
2396,-0.34715632
2397,1.2508559
2398,2.0334585
2399,1.3046808
2400,0.6265873
2401,-1.0974357
2402,-0.13214454
2403,-0.9139415
2404,0.019314386
2405,0.07955092
2406,-0.26486117
2407,0.47220352
2408,0.9854075
2409,0.44743603
2410,0.80949175
2411,-0.8197703
2412,1.0245086
2413,-0.30432597
2414,0.68816245
2415,0.6528045
2416,-0.27156323
2417,0.38465482
2418,1.7841724
2419,1.5123667
2420,-0.47635332
2421,0.9944332
2422,0.81726724
2423,0.48627952
2424,1.8497951
2425,0.84387726
2426,1.968264
2427,1.6098353
2428,1.808148
2429,2.8751132
2430,1.4042547
2431,0.87495786
2432,1.0253623
2433,-0.6139459
2434,-0.30886853
2435,-1.7667081
2436,-0.28173316
2437,0.17601046
2438,-0.89442754
2439,0.024525002
2440,-0.30030373
2441,1.3288194
2442,1.0023755
2443,2.5502503
2444,0.49167955
2445,3.4721568
2446,2.743879
2447,2.0488935
2448,0.49732965
2449,0.15801199
2450,0.30213615
2451,0.09974806
2452,-0.043605756
2453,0.970786
2454,0.2971213
2455,0.056627244
2456,0.90135443
2457,-0.43289787
2458,-0.013195764
2459,-1.1731955
2460,0.0973246
2461,-0.87565875
2462,0.33472332
2463,0.4939136
2464,2.3006737
2465,0.6451465
2466,1.1844717
2467,1.0847262
2468,0.018046461
2469,0.8179429
2470,1.3849629
2471,1.0153351
2472,1.5203834
2473,0.4269813
2474,0.9845222
2475,0.7099243
2476,1.0974888
2477,0.73233145
2478,0.041016866
2479,-0.48878378
2480,-0.1935442
2481,-0.3527357
2482,0.022751927
2483,0.19347978
2484,0.8793678
2485,0.6705012
2486,-0.38206342
2487,0.3448377
2488,-1.360885
2489,-0.18196869
2490,0.89948916
2491,1.3684269
2492,0.014144182
2493,-0.12503962
2494,0.38819465
2495,0.69141686
2496,0.84699655
2497,-0.4860926
2498,0.57743245
2499,0.4726872
2500,0.032775354
2501,0.8892245
2502,0.3213192
2503,-0.11548598
2504,0.45732436
2505,-0.5262924
2506,1.3388366
2507,-0.15830244
2508,0.559242
2509,1.2171903
2510,-0.7789517
2511,0.7565698
2512,0.8331883
2513,1.5051494
2514,0.8106814
2515,1.721861
2516,0.45208973
2517,0.40186906
2518,1.4018551
2519,1.1103549
2520,0.8624743
2521,0.025537826
2522,0.34185353
2523,0.50026333
2524,-0.06834418
2525,0.9735188
2526,-0.27250284
2527,0.6636981
2528,0.23201257
2529,-0.031523846
2530,0.07714894
2531,0.008645631
2532,0.33302477
2533,0.7358763
2534,0.18583435
2535,0.8688203
2536,0.29858747
2537,1.1381912
2538,1.421383
2539,2.1031692
2540,0.28504568
2541,-0.4688468
2542,0.9049435
2543,1.1259805
2544,0.46730357
2545,0.21743649
2546,-0.30230033
2547,0.57810557
2548,0.35760787
2549,0.75764954
2550,0.31750405
2551,-0.09513351
2552,-0.015473988
2553,0.20345774
2554,0.60226434
2555,-0.019443199
2556,-0.025714628
2557,-0.3730086
2558,-0.5773706
2559,0.3542562
2560,-0.15372705
2561,0.5089089
2562,1.1237338
2563,2.2678657
2564,-0.34715632
2565,1.2508559
2566,2.033461
2567,1.3046796
2568,0.6265873
2569,-1.0974357
2570,-0.13214454
2571,-0.9139415
2572,0.019314386
2573,0.07955092
2574,-0.26486117
2575,0.47220352
2576,0.9854075
2577,0.44743603
2578,0.80949175
2579,-0.8197703
2580,1.0245086
2581,-0.30432597
2582,0.68816245
2583,0.6528045
2584,-0.27156323
2585,0.38465482
2586,1.7841724
2587,1.5123667
2588,-0.47635332
2589,0.9944332
2590,0.81727487
2591,0.48627952
2592,0.104959935
2593,-0.35153344
2594,0.75348204
2595,0.47854945
2596,0.21189249
2597,0.9102665
2598,0.42330632
2599,0.24186298
2600,0.7125018
2601,0.28640202
2602,0.28659648
2603,-0.29421666
2604,0.23779906
2605,0.32889012
2606,0.31959665
2607,0.5292993
2608,0.9844035
2609,0.8167369
2610,0.8014902
2611,1.2948253
2612,0.9948311
2613,1.4226092
2614,1.1164786
2615,1.6332539
2616,0.49732965
2617,0.15801199
2618,0.30213615
2619,0.09974806
2620,-0.043605756
2621,0.970786
2622,0.2971276
2623,0.056619667
2624,0.90135443
2625,-0.43289787
2626,-0.013195764
2627,-1.1731955
2628,0.0973246
2629,-0.87565875
2630,0.3347347
2631,0.4939224
2632,2.3006737
2633,0.6451465
2634,1.1844717
2635,1.0847262
2636,0.018046461
2637,0.8179429
2638,1.3849629
2639,1.0153351
2640,-0.7719074
2641,-1.5412802
2642,-0.20940462
2643,-1.4974205
2644,-0.9978241
2645,-0.45633426
2646,-0.79183424
2647,-1.089943
2648,0.68790233
2649,-1.0105829
2650,1.0877634
2651,-0.50248975
2652,0.3803699
2653,0.32376158
2654,-0.8236006
2655,-0.16061224
2656,1.6252878
2657,0.7999103
2658,0.4585544
2659,0.3216829
2660,-0.27439713
2661,-0.8407706
2662,0.22857755
2663,0.50222707
2664,-0.7719074
2665,-1.5412802
2666,-0.20940462
2667,-1.4974205
2668,-0.9978241
2669,-0.45633426
2670,-0.79183424
2671,-1.089943
2672,0.68790233
2673,-1.0105829
2674,1.0877634
2675,-0.50248975
2676,0.3803699
2677,0.32376158
2678,-0.8235917
2679,-0.16057688
2680,1.6252878
2681,0.7999103
2682,0.4585544
2683,0.3216829
2684,-0.27439713
2685,-0.8407706
2686,0.22858387
2687,0.5022195
2688,28.557144
2689,30.352047
2690,25.674253
2691,23.753082
2692,23.649017
2693,22.240463
2694,22.514618
2695,24.493511
2696,19.577852
2697,14.373194
2698,11.072996
2699,10.202283
2700,10.058365
2701,14.2749195
2702,19.890554
2703,23.292583
2704,29.720125
2705,32.51933
2706,35.61115
2707,39.197765
2708,30.481936
2709,31.946964
2710,29.751001
2711,26.574657
2712,32.337383
2713,33.112076
2714,29.743921
2715,28.089586
2716,25.590265
2717,24.480007
2718,24.329504
2719,19.162262
2720,16.967571
2721,12.628807
2722,10.356592
2723,9.372959
2724,9.734241
2725,13.82379
2726,27.319155
2727,51.651726
2728,63.363815
2729,78.82312
2730,64.88718
2731,56.09037
2732,47.251663
2733,45.964996
2734,37.447533
2735,35.08225
2736,34.987213
2737,34.80047
2738,29.533728
2739,29.480276
2740,26.444248
2741,27.410028
2742,25.131838
2743,20.143972
2744,17.910547
2745,12.971195
2746,10.232013
2747,9.598209
2748,9.487709
2749,14.317931
2750,27.795177
2751,49.662468
2752,65.965675
2753,77.31795
2754,63.19137
2755,54.85124
2756,46.4652
2757,41.860767
2758,38.25557
2759,36.309742
2760,37.84012
2761,37.558125
2762,31.253733
2763,29.751535
2764,29.47984
2765,27.593643
2766,29.040718
2767,27.042389
2768,22.301376
2769,16.14637
2770,12.376103
2771,11.450059
2772,10.982333
2773,16.488003
2774,23.43633
2775,32.49241
2776,41.517303
2777,45.216698
2778,49.713406
2779,48.757996
2780,42.01195
2781,38.128937
2782,35.651638
2783,32.82842
2784,32.552246
2785,35.987137
2786,29.740553
2787,27.70569
2788,27.719536
2789,26.17408
2790,27.954521
2791,27.94746
2792,24.081993
2793,17.59153
2794,12.507513
2795,10.490435
2796,10.824126
2797,16.702831
2798,21.75009
2799,23.92935
2800,29.0187
2801,36.450657
2802,40.89886
2803,44.326797
2804,36.217255
2805,34.03358
2806,31.72973
2807,28.658371
2808,22.489573
2809,25.03343
2810,23.732872
2811,21.97497
2812,20.639729
2813,19.588486
2814,19.889019
2815,17.444468
2816,15.509248
2817,12.301907
2818,9.97084
2819,9.478826
2820,9.78846
2821,12.969131
2822,27.777952
2823,47.361008
2824,65.270966
2825,77.410446
2826,62.77953
2827,56.180702
2828,49.032112
2829,47.04719
2830,40.96095
2831,39.16907
2832,30.183023
2833,32.54038
2834,27.976553
2835,26.43637
2836,24.5877
2837,23.701189
2838,23.237886
2839,20.269196
2840,16.905708
2841,13.158932
2842,10.441725
2843,9.516177
2844,9.792064
2845,14.097154
2846,27.433102
2847,47.32343
2848,64.87254
2849,78.186
2850,62.598797
2851,54.892506
2852,43.65996
2853,45.238953
2854,36.90976
2855,35.104774
2856,30.72092
2857,32.46732
2858,28.278843
2859,27.615112
2860,25.268288
2861,23.846508
2862,22.43466
2863,19.410223
2864,16.865795
2865,12.991797
2866,10.58681
2867,9.989825
2868,10.065221
2869,14.004008
2870,27.360327
2871,48.476566
2872,64.019485
2873,75.02247
2874,61.3977
2875,53.467464
2876,42.642483
2877,43.64207
2878,38.367027
2879,36.24647
2880,32.337383
2881,33.112076
2882,29.743921
2883,28.089586
2884,25.590265
2885,24.480007
2886,24.329504
2887,19.162262
2888,16.967571
2889,12.628807
2890,10.356592
2891,9.372959
2892,9.734241
2893,13.82379
2894,27.319155
2895,51.651726
2896,63.363815
2897,78.82312
2898,64.88718
2899,56.09037
2900,47.251663
2901,45.964996
2902,37.447533
2903,35.08225
2904,34.987213
2905,34.80047
2906,29.533728
2907,29.480276
2908,26.444248
2909,27.410028
2910,25.131853
2911,20.143972
2912,17.910547
2913,12.971195
2914,10.232013
2915,9.598209
2916,9.487709
2917,14.317931
2918,27.795185
2919,49.662468
2920,65.965675
2921,77.31795
2922,63.19137
2923,54.85124
2924,46.4652
2925,41.860767
2926,38.25557
2927,36.309742
2928,37.84012
2929,37.558125
2930,31.253733
2931,29.751535
2932,29.47984
2933,27.593643
2934,29.040718
2935,27.042389
2936,22.301376
2937,16.14637
2938,12.376103
2939,11.450059
2940,10.982333
2941,16.488003
2942,23.436321
2943,32.492413
2944,41.517303
2945,45.216698
2946,49.713406
2947,48.757996
2948,42.01195
2949,38.128937
2950,35.651638
2951,32.828423
2952,32.552246
2953,35.987137
2954,29.740553
2955,27.70569
2956,27.719536
2957,26.17408
2958,27.954521
2959,27.94746
2960,24.081993
2961,17.59153
2962,12.507513
2963,10.490435
2964,10.824126
2965,16.702831
2966,21.75009
2967,23.92935
2968,29.0187
2969,36.450657
2970,40.89886
2971,44.326797
2972,36.217255
2973,34.03358
2974,31.72973
2975,28.658361
2976,22.489573
2977,25.03343
2978,23.732872
2979,21.97497
2980,20.639729
2981,19.588486
2982,19.889017
2983,17.444466
2984,15.509248
2985,12.301907
2986,9.97084
2987,9.478826
2988,9.78846
2989,12.969131
2990,27.777952
2991,47.361008
2992,65.270966
2993,77.410446
2994,62.77953
2995,56.180702
2996,49.032112
2997,47.04719
2998,40.96095
2999,39.16907
3000,30.183023
3001,32.54038
3002,27.976553
3003,26.43637
3004,24.5877
3005,23.701189
3006,23.237886
3007,20.269197
3008,16.905708
3009,13.158932
3010,10.441725
3011,9.516177
3012,9.792064
3013,14.097154
3014,27.433096
3015,47.323418
3016,64.87254
3017,78.186
3018,62.598797
3019,54.892506
3020,43.65996
3021,45.238953
3022,36.90976
3023,35.104774
3024,30.72092
3025,32.46732
3026,28.278843
3027,27.615112
3028,25.268288
3029,23.846508
3030,22.43466
3031,19.410223
3032,16.865795
3033,12.991797
3034,10.58681
3035,9.989825
3036,10.065221
3037,14.004008
3038,27.36032
3039,48.47659
3040,64.019485
3041,75.02247
3042,61.3977
3043,53.467464
3044,42.642483
3045,43.64207
3046,38.367023
3047,36.246483
3048,32.337383
3049,33.112076
3050,29.743921
3051,28.089586
3052,25.590265
3053,24.480007
3054,24.329504
3055,19.162262
3056,16.967571
3057,12.628807
3058,10.356592
3059,9.372959
3060,9.734241
3061,13.82379
3062,27.319155
3063,51.651726
3064,63.363815
3065,78.82312
3066,64.88718
3067,56.09037
3068,47.251663
3069,45.964996
3070,37.447548
3071,35.082256
3072,34.987213
3073,34.80047
3074,29.533728
3075,29.480276
3076,26.444248
3077,27.410028
3078,25.131838
3079,20.143972
3080,17.910547
3081,12.971195
3082,10.232013
3083,9.598209
3084,9.487709
3085,14.317931
3086,27.795185
3087,49.662468
3088,65.965675
3089,77.31795
3090,63.19137
3091,54.85124
3092,46.4652
3093,41.860767
3094,38.25557
3095,36.309742
3096,30.86058
3097,31.524776
3098,25.769876
3099,26.949633
3100,24.567425
3101,25.136694
3102,23.83181
3103,20.022001
3104,17.495384
3105,13.391581
3106,11.042749
3107,10.468831
3108,10.37079
3109,14.522398
3110,26.320774
3111,41.81237
3112,50.6662
3113,60.710537
3114,48.371387
3115,47.078392
3116,39.75977
3117,35.899403
3118,29.608126
3119,29.485527
3120,32.552246
3121,35.987137
3122,29.740553
3123,27.70569
3124,27.719536
3125,26.17408
3126,27.954521
3127,27.94746
3128,24.081993
3129,17.59153
3130,12.507513
3131,10.490435
3132,10.824126
3133,16.702831
3134,21.750095
3135,23.929337
3136,29.0187
3137,36.450657
3138,40.89886
3139,44.326797
3140,36.217255
3141,34.03358
3142,31.72973
3143,28.658371
3144,22.489573
3145,25.03343
3146,23.732872
3147,21.97497
3148,20.639729
3149,19.588486
3150,19.889017
3151,17.444466
3152,15.509248
3153,12.301907
3154,9.97084
3155,9.478826
3156,9.78846
3157,12.969131
3158,27.777952
3159,47.361008
3160,65.270966
3161,77.410446
3162,62.77953
3163,56.180702
3164,49.032112
3165,47.04719
3166,40.96094
3167,39.169056
3168,30.183023
3169,32.54038
3170,27.976553
3171,26.43637
3172,24.5877
3173,23.701189
3174,23.237886
3175,20.269196
3176,16.905708
3177,13.158932
3178,10.441725
3179,9.516177
3180,9.792064
3181,14.097154
3182,27.433096
3183,47.323418
3184,64.87254
3185,78.186
3186,62.598797
3187,54.892506
3188,43.65996
3189,45.238953
3190,36.90976
3191,35.104774
3192,30.72092
3193,32.46732
3194,28.278843
3195,27.615112
3196,25.268288
3197,23.846508
3198,22.434671
3199,19.41021
3200,16.865795
3201,12.991797
3202,10.58681
3203,9.989825
3204,10.065221
3205,14.004008
3206,27.360327
3207,48.476566
3208,64.019485
3209,75.02247
3210,61.3977
3211,53.467464
3212,42.642483
3213,43.64207
3214,38.367023
3215,36.246483
3216,32.337383
3217,33.112076
3218,29.743921
3219,28.089586
3220,25.590265
3221,24.480007
3222,24.329504
3223,19.162262
3224,16.967571
3225,12.628807
3226,10.356592
3227,9.372959
3228,9.734241
3229,13.82379
3230,27.319149
3231,51.651726
3232,63.363815
3233,78.82312
3234,64.88718
3235,56.09037
3236,47.251663
3237,45.964996
3238,37.447533
3239,35.08225
3240,34.987213
3241,34.80047
3242,29.533728
3243,29.480276
3244,26.444248
3245,27.410028
3246,25.131838
3247,20.143972
3248,17.910547
3249,12.971195
3250,10.232013
3251,9.598209
3252,9.487709
3253,14.317931
3254,27.795185
3255,49.662468
3256,65.965675
3257,77.31795
3258,63.19137
3259,54.85124
3260,46.4652
3261,41.860767
3262,38.25557
3263,36.30973
3264,37.84012
3265,37.558125
3266,31.253733
3267,29.751535
3268,29.47984
3269,27.593643
3270,29.040718
3271,27.042389
3272,22.301376
3273,16.14637
3274,12.376103
3275,11.450059
3276,10.982333
3277,16.488003
3278,23.43633
3279,32.49241
3280,41.517303
3281,45.216698
3282,49.713406
3283,48.757996
3284,42.01195
3285,38.128937
3286,35.651638
3287,32.828423
3288,32.552246
3289,35.987137
3290,29.740553
3291,27.70569
3292,27.719536
3293,26.17408
3294,27.95453
3295,27.947456
3296,24.081993
3297,17.59153
3298,12.507513
3299,10.490435
3300,10.824126
3301,16.702831
3302,21.75009
3303,23.92935
3304,29.0187
3305,36.450657
3306,40.89886
3307,44.326797
3308,36.217255
3309,34.03358
3310,31.72973
3311,28.658371
3312,28.557144
3313,30.352047
3314,25.674253
3315,23.753082
3316,23.649017
3317,22.240463
3318,22.514618
3319,24.493511
3320,19.577852
3321,14.373194
3322,11.072996
3323,10.202283
3324,10.058365
3325,14.2749195
3326,19.890554
3327,23.292585
3328,29.720125
3329,32.51933
3330,35.61115
3331,39.197765
3332,30.481936
3333,31.946964
3334,29.751001
3335,26.574657
3336,28.557144
3337,30.352047
3338,25.674253
3339,23.753082
3340,23.649017
3341,22.240463
3342,22.514618
3343,24.493511
3344,19.577852
3345,14.373194
3346,11.072996
3347,10.202283
3348,10.058365
3349,14.2749195
3350,19.890554
3351,23.292583
3352,29.720125
3353,32.51933
3354,35.61115
3355,39.197765
3356,30.481936
3357,31.946964
3358,29.751009
3359,26.574667
3360,22.599186
3361,24.85132
3362,22.845718
3363,20.681875
3364,18.614958
3365,18.487684
3366,18.736753
3367,17.719921
3368,15.055634
3369,10.272553
3370,7.4337535
3371,5.6426196
3372,5.0047
3373,9.381101
3374,13.417349
3375,16.165272
3376,22.72221
3377,23.841393
3378,25.533684
3379,27.83241
3380,23.067886
3381,23.60434
3382,21.737251
3383,21.057442
3384,36.41021
3385,39.89873
3386,34.590153
3387,28.750818
3388,25.177862
3389,23.650171
3390,24.679699
3391,17.333794
3392,14.296477
3393,9.636303
3394,7.4130917
3395,5.5410466
3396,5.861034
3397,9.588177
3398,17.34481
3399,36.693687
3400,63.42927
3401,65.974915
3402,48.463486
3403,46.930588
3404,41.211422
3405,43.94006
3406,37.695427
3407,37.611877
3408,36.546165
3409,41.030025
3410,33.15364
3411,28.368557
3412,25.470629
3413,23.988214
3414,25.479805
3415,17.609632
3416,14.871337
3417,10.061859
3418,7.1832485
3419,5.523891
3420,5.9927216
3421,9.557142
3422,17.78481
3423,36.273457
3424,62.150394
3425,65.397736
3426,49.647697
3427,46.881325
3428,41.418682
3429,39.661697
3430,37.07989
3431,36.85317
3432,35.843338
3433,37.22635
3434,28.715292
3435,27.671421
3436,24.178925
3437,23.642519
3438,24.225782
3439,21.531065
3440,17.890347
3441,11.330969
3442,7.90601
3443,5.950426
3444,6.130828
3445,10.740768
3446,15.428977
3447,20.907091
3448,30.879452
3449,33.736076
3450,34.52228
3451,36.801334
3452,32.42998
3453,28.739878
3454,26.849815
3455,25.707975
3456,26.730453
3457,31.255577
3458,27.756937
3459,23.875006
3460,21.734085
3461,22.26265
3462,23.211876
3463,19.854383
3464,17.651073
3465,11.185105
3466,7.864265
3467,5.590916
3468,5.5242553
3469,9.786127
3470,14.545206
3471,17.048605
3472,21.82658
3473,25.447573
3474,27.10926
3475,30.421373
3476,26.758919
3477,24.196913
3478,23.416422
3479,22.400833
3480,21.901377
3481,24.270195
3482,22.196672
3483,19.515574
3484,17.785969
3485,17.263855
3486,17.838675
3487,14.574598
3488,12.846525
3489,8.392179
3490,6.1313853
3491,5.47391
3492,5.215261
3493,9.099611
3494,18.111164
3495,35.53691
3496,58.455967
3497,62.855545
3498,45.45891
3499,43.94556
3500,37.578606
3501,40.905956
3502,37.1006
3503,38.177044
3504,31.816961
3505,35.227234
3506,30.061697
3507,26.192762
3508,22.616184
3509,22.1115
3510,21.74422
3511,16.355911
3512,13.975826
3513,9.576513
3514,7.0424175
3515,5.1750846
3516,4.6278286
3517,9.64608
3518,17.55841
3519,35.12155
3520,59.92595
3521,60.314926
3522,45.520405
3523,44.383423
3524,36.7868
3525,41.777256
3526,36.368664
3527,36.00338
3528,32.852814
3529,36.951233
3530,31.23651
3531,25.93305
3532,23.170803
3533,22.258205
3534,22.204378
3535,16.621874
3536,14.040825
3537,9.661409
3538,7.0029607
3539,5.7926097
3540,5.7653284
3541,9.361464
3542,17.306627
3543,34.31788
3544,60.91771
3545,62.870605
3546,46.63815
3547,46.686592
3548,37.768055
3549,41.66648
3550,37.63505
3551,37.013626
3552,36.41021
3553,39.89873
3554,34.590153
3555,28.750818
3556,25.177862
3557,23.650171
3558,24.679699
3559,17.333797
3560,14.296477
3561,9.636303
3562,7.4130917
3563,5.5410466
3564,5.861034
3565,9.588177
3566,17.34481
3567,36.693687
3568,63.42927
3569,65.974915
3570,48.463486
3571,46.930588
3572,41.211422
3573,43.94006
3574,37.695427
3575,37.611877
3576,36.546165
3577,41.030025
3578,33.15364
3579,28.368557
3580,25.470629
3581,23.988214
3582,25.4798
3583,17.609632
3584,14.871337
3585,10.061859
3586,7.1832485
3587,5.523891
3588,5.9927216
3589,9.557142
3590,17.784807
3591,36.27347
3592,62.150394
3593,65.397736
3594,49.647697
3595,46.881325
3596,41.418682
3597,39.661697
3598,37.07989
3599,36.85317
3600,35.843338
3601,37.22635
3602,28.715292
3603,27.671421
3604,24.178925
3605,23.642519
3606,24.225782
3607,21.531065
3608,17.890347
3609,11.330969
3610,7.90601
3611,5.950426
3612,6.130828
3613,10.740768
3614,15.428977
3615,20.907091
3616,30.879452
3617,33.736076
3618,34.52228
3619,36.801334
3620,32.42998
3621,28.739878
3622,26.849815
3623,25.70797
3624,26.730453
3625,31.255577
3626,27.756937
3627,23.875006
3628,21.734085
3629,22.26265
3630,23.211876
3631,19.854383
3632,17.651073
3633,11.185105
3634,7.864265
3635,5.590916
3636,5.5242553
3637,9.786127
3638,14.545206
3639,17.048605
3640,21.82658
3641,25.447573
3642,27.10926
3643,30.421373
3644,26.758919
3645,24.196913
3646,23.416426
3647,22.400833
3648,21.901377
3649,24.270195
3650,22.196672
3651,19.515574
3652,17.785969
3653,17.263855
3654,17.83867
3655,14.574598
3656,12.846525
3657,8.392179
3658,6.1313853
3659,5.47391
3660,5.215261
3661,9.099611
3662,18.111164
3663,35.53691
3664,58.455967
3665,62.855545
3666,45.45891
3667,43.94556
3668,37.578606
3669,40.905956
3670,37.1006
3671,38.177044
3672,31.816961
3673,35.227234
3674,30.061697
3675,26.192762
3676,22.616184
3677,22.1115
3678,21.744225
3679,16.355907
3680,13.975826
3681,9.576513
3682,7.0424175
3683,5.1750846
3684,4.6278286
3685,9.64608
3686,17.558413
3687,35.12156
3688,59.92595
3689,60.314926
3690,45.520405
3691,44.383423
3692,36.7868
3693,41.777256
3694,36.368664
3695,36.00338
3696,32.852814
3697,36.951233
3698,31.23651
3699,25.93305
3700,23.170803
3701,22.258205
3702,22.204378
3703,16.621874
3704,14.040825
3705,9.661409
3706,7.0029607
3707,5.7926097
3708,5.7653284
3709,9.361464
3710,17.306623
3711,34.317856
3712,60.91771
3713,62.870605
3714,46.63815
3715,46.686592
3716,37.768055
3717,41.66648
3718,37.635048
3719,37.013638
3720,36.41021
3721,39.89873
3722,34.590153
3723,28.750818
3724,25.177862
3725,23.650171
3726,24.679699
3727,17.333797
3728,14.296477
3729,9.636303
3730,7.4130917
3731,5.5410466
3732,5.861034
3733,9.588177
3734,17.34481
3735,36.693687
3736,63.42927
3737,65.974915
3738,48.463486
3739,46.930588
3740,41.211422
3741,43.94006
3742,37.69542
3743,37.61187
3744,36.546165
3745,41.030025
3746,33.15364
3747,28.368557
3748,25.470629
3749,23.988214
3750,25.479805
3751,17.609632
3752,14.871337
3753,10.061859
3754,7.1832485
3755,5.523891
3756,5.9927216
3757,9.557142
3758,17.784807
3759,36.27347
3760,62.150394
3761,65.397736
3762,49.647697
3763,46.881325
3764,41.418682
3765,39.661697
3766,37.07989
3767,36.85317
3768,32.87597
3769,32.789352
3770,29.30747
3771,27.007048
3772,23.34155
3773,23.375902
3774,22.892662
3775,17.171316
3776,15.429979
3777,9.819372
3778,6.9914536
3779,5.462399
3780,5.3168635
3781,10.677269
3782,18.27163
3783,32.446377
3784,46.95354
3785,49.506218
3786,38.305786
3787,38.28721
3788,33.273396
3789,30.4829
3790,27.30896
3791,28.899858
3792,26.730453
3793,31.255577
3794,27.756937
3795,23.875006
3796,21.734085
3797,22.26265
3798,23.211876
3799,19.854383
3800,17.651073
3801,11.185105
3802,7.864265
3803,5.590916
3804,5.5242553
3805,9.786127
3806,14.545206
3807,17.048609
3808,21.82658
3809,25.447573
3810,27.10926
3811,30.421373
3812,26.758919
3813,24.196913
3814,23.416422
3815,22.400833
3816,21.901377
3817,24.270195
3818,22.196672
3819,19.515574
3820,17.785969
3821,17.263855
3822,17.83867
3823,14.574598
3824,12.846525
3825,8.392179
3826,6.1313853
3827,5.47391
3828,5.215261
3829,9.099611
3830,18.111164
3831,35.53691
3832,58.455967
3833,62.855545
3834,45.45891
3835,43.94556
3836,37.578606
3837,40.905956
3838,37.10059
3839,38.17702
3840,31.816961
3841,35.227234
3842,30.061697
3843,26.192762
3844,22.616184
3845,22.1115
3846,21.74422
3847,16.355911
3848,13.975826
3849,9.576513
3850,7.0424175
3851,5.1750846
3852,4.6278286
3853,9.64608
3854,17.558413
3855,35.12156
3856,59.92595
3857,60.314926
3858,45.520405
3859,44.383423
3860,36.7868
3861,41.777256
3862,36.368664
3863,36.00338
3864,32.852814
3865,36.951233
3866,31.23651
3867,25.93305
3868,23.170803
3869,22.258205
3870,22.204369
3871,16.621876
3872,14.040825
3873,9.661409
3874,7.0029607
3875,5.7926097
3876,5.7653284
3877,9.361464
3878,17.306627
3879,34.31788
3880,60.91771
3881,62.870605
3882,46.63815
3883,46.686592
3884,37.768055
3885,41.66648
3886,37.635048
3887,37.013638
3888,36.41021
3889,39.89873
3890,34.590153
3891,28.750818
3892,25.177862
3893,23.650171
3894,24.679699
3895,17.333797
3896,14.296477
3897,9.636303
3898,7.4130917
3899,5.5410466
3900,5.861034
3901,9.588177
3902,17.344809
3903,36.693687
3904,63.42927
3905,65.974915
3906,48.463486
3907,46.930588
3908,41.211422
3909,43.94006
3910,37.695427
3911,37.611877
3912,36.546165
3913,41.030025
3914,33.15364
3915,28.368557
3916,25.470629
3917,23.988214
3918,25.479805
3919,17.609632
3920,14.871337
3921,10.061859
3922,7.1832485
3923,5.523891
3924,5.9927216
3925,9.557142
3926,17.784807
3927,36.27347
3928,62.150394
3929,65.397736
3930,49.647697
3931,46.881325
3932,41.418682
3933,39.661697
3934,37.079884
3935,36.85317
3936,35.843338
3937,37.22635
3938,28.715292
3939,27.671421
3940,24.178925
3941,23.642519
3942,24.225782
3943,21.531065
3944,17.890347
3945,11.330969
3946,7.90601
3947,5.950426
3948,6.130828
3949,10.740768
3950,15.428977
3951,20.907091
3952,30.879452
3953,33.736076
3954,34.52228
3955,36.801334
3956,32.42998
3957,28.739878
3958,26.849815
3959,25.70797
3960,26.730453
3961,31.255577
3962,27.756937
3963,23.875006
3964,21.734085
3965,22.26265
3966,23.21187
3967,19.85438
3968,17.651073
3969,11.185105
3970,7.864265
3971,5.590916
3972,5.5242553
3973,9.786127
3974,14.545206
3975,17.048605
3976,21.82658
3977,25.447573
3978,27.10926
3979,30.421373
3980,26.758919
3981,24.196913
3982,23.416422
3983,22.400833
3984,22.599186
3985,24.85132
3986,22.845718
3987,20.681875
3988,18.614958
3989,18.487684
3990,18.736753
3991,17.719921
3992,15.055634
3993,10.272553
3994,7.4337535
3995,5.6426196
3996,5.0047
3997,9.381101
3998,13.417349
3999,16.165272
4000,22.72221
4001,23.841393
4002,25.533684
4003,27.83241
4004,23.067886
4005,23.60434
4006,21.737251
4007,21.057442
4008,22.599186
4009,24.85132
4010,22.845718
4011,20.681875
4012,18.614958
4013,18.487684
4014,18.736753
4015,17.719921
4016,15.055634
4017,10.272553
4018,7.4337535
4019,5.6426196
4020,5.0047
4021,9.381101
4022,13.417349
4023,16.165272
4024,22.72221
4025,23.841393
4026,25.533684
4027,27.83241
4028,23.067886
4029,23.60434
4030,21.73725
4031,21.057447
4032,0.8373785
4033,-0.58265823
4034,-0.73105466
4035,-0.7709994
4036,-1.3706408
4037,0.1950369
4038,0.23145187
4039,-0.36029148
4040,0.7065928
4041,1.0818582
4042,1.0275521
4043,0.99644375
4044,1.7163851
4045,1.2357961
4046,0.17555708
4047,0.28491938
4048,0.6081013
4049,0.30836844
4050,0.5694372
4051,0.75915486
4052,0.35962594
4053,-0.8237786
4054,0.29126406
4055,-0.5064173
4056,0.6082693
4057,0.15302742
4058,-0.58567524
4059,0.80965215
4060,0.5240407
4061,0.7652331
4062,0.27163777
4063,-0.17927624
4064,-0.2248382
4065,0.27975047
4066,0.061009414
4067,0.17629586
4068,1.60491
4069,1.1327672
4070,-0.55481184
4071,0.6703193
4072,-0.6140444
4073,0.015424736
4074,0.39326888
4075,0.9854264
4076,0.5024456
4077,1.257318
4078,1.2067437
4079,0.502169
4080,0.30789107
4081,-0.9862561
4082,-0.028742999
4083,-1.167087
4084,0.09817451
4085,0.711859
4086,-0.43489698
4087,0.2471115
4088,0.41289774
4089,-0.25470138
4090,-0.7826582
4091,-0.947938
4092,1.0605156
4093,0.7696658
4094,-0.30465811
4095,0.40418518
4096,0.27405742
4097,1.13304
4098,1.0917895
4099,0.9175104
4100,0.042757105
4101,0.0008739084
4102,0.46267134
4103,0.105999276
4104,0.84795636
4105,0.8076467
4106,0.6558417
4107,0.15571229
4108,0.047645688
4109,1.3038992
4110,0.38884124
4111,0.23213507
4112,1.0475976
4113,0.5396991
4114,0.3900334
4115,0.7141928
4116,0.999433
4117,0.5777317
4118,-0.7914756
4119,0.855843
4120,0.90535647
4121,1.4922112
4122,0.95533466
4123,2.0634303
4124,1.6012691
4125,1.6149688
4126,1.0266491
4127,1.3907974
4128,0.23424281
4129,0.040528134
4130,-0.1746213
4131,0.11258896
4132,0.011291351
4133,1.2152101
4134,0.6797618
4135,-0.55836177
4136,0.9622653
4137,0.59715223
4138,-0.59509623
4139,0.2976441
4140,0.9955888
4141,-0.6462805
4142,0.09040153
4143,0.028306045
4144,1.0639216
4145,-0.53885543
4146,0.65618145
4147,0.41897973
4148,0.019248717
4149,0.14301915
4150,0.50195175
4151,0.6278274
4152,0.948135
4153,0.56019044
4154,0.12726228
4155,0.6382966
4156,1.3192393
4157,1.1770334
4158,0.79685545
4159,-0.6610473
4160,0.29213673
4161,-0.2985597
4162,-0.41745165
4163,0.46612784
4164,1.564608
4165,0.9059791
4166,-0.04444683
4167,-0.15521093
4168,-1.1991311
4169,0.09610972
4170,1.2174251
4171,0.03697062
4172,0.45920604
4173,0.8188749
4174,-0.6628747
4175,-0.096710846
4176,0.76180947
4177,-0.25632414
4178,-0.35404024
4179,0.00082844496
4180,-0.4126401
4181,1.2572575
4182,-0.07676755
4183,0.045436922
4184,0.36030537
4185,0.27281222
4186,0.021530729
4187,0.081811465
4188,1.2007716
4189,1.1965157
4190,-0.5788153
4191,-0.012372371
4192,-0.53379893
4193,0.63946855
4194,0.8400179
4195,-0.25560936
4196,0.282256
4197,0.19245937
4198,0.3619989
4199,-0.06874325
4200,0.8793552
4201,0.589945
4202,0.13872159
4203,0.7679407
4204,0.0629656
4205,1.1049638
4206,0.35271296
4207,0.6195872
4208,0.74525315
4209,0.703125
4210,-0.454176
4211,-0.26625413
4212,1.0552684
4213,1.4153628
4214,0.42149788
4215,0.73322684
4216,0.1915539
4217,1.318734
4218,1.4538034
4219,0.09863799
4220,1.3698375
4221,0.08747924
4222,0.36167938
4223,0.50441563
4224,0.6082693
4225,0.15302742
4226,-0.58567524
4227,0.80965215
4228,0.5240407
4229,0.7652331
4230,0.2716365
4231,-0.17928256
4232,-0.2248382
4233,0.27975047
4234,0.061009414
4235,0.17629586
4236,1.60491
4237,1.1327672
4238,-0.55481184
4239,0.6703193
4240,-0.6140444
4241,0.015424736
4242,0.39326888
4243,0.9854264
4244,0.5024456
4245,1.257318
4246,1.2067437
4247,0.502169
4248,0.30789107
4249,-0.9862561
4250,-0.028742999
4251,-1.167087
4252,0.09817451
4253,0.711859
4254,-0.43490204
4255,0.24712285
4256,0.41289774
4257,-0.25470138
4258,-0.7826582
4259,-0.947938
4260,1.0605156
4261,0.7696658
4262,-0.30466315
4263,0.40418768
4264,0.27405742
4265,1.13304
4266,1.0917895
4267,0.9175104
4268,0.042757105
4269,0.0008739084
4270,0.46267134
4271,0.105999276
4272,0.84795636
4273,0.8076467
4274,0.6558417
4275,0.15571229
4276,0.047645688
4277,1.3038992
4278,0.38884124
4279,0.23213507
4280,1.0475976
4281,0.5396991
4282,0.3900334
4283,0.7141928
4284,0.999433
4285,0.5777317
4286,-0.79148823
4287,0.8558493
4288,0.90535647
4289,1.4922112
4290,0.95533466
4291,2.0634303
4292,1.6012691
4293,1.6149688
4294,1.0266479
4295,1.3907924
4296,0.23424281
4297,0.040528134
4298,-0.1746213
4299,0.11258896
4300,0.011291351
4301,1.2152101
4302,0.6797618
4303,-0.55836177
4304,0.9622653
4305,0.59715223
4306,-0.59509623
4307,0.2976441
4308,0.9955888
4309,-0.6462805
4310,0.09040153
4311,0.028306045
4312,1.0639216
4313,-0.53885543
4314,0.65618145
4315,0.41897973
4316,0.019248717
4317,0.14301915
4318,0.50195175
4319,0.6278274
4320,0.948135
4321,0.56019044
4322,0.12726228
4323,0.6382966
4324,1.3192393
4325,1.1770334
4326,0.79685795
4327,-0.66106117
4328,0.29213673
4329,-0.2985597
4330,-0.41745165
4331,0.46612784
4332,1.564608
4333,0.9059791
4334,-0.04444683
4335,-0.15521093
4336,-1.1991311
4337,0.09610972
4338,1.2174251
4339,0.03697062
4340,0.45920604
4341,0.8188749
4342,-0.6628747
4343,-0.096710846
4344,0.76180947
4345,-0.25632414
4346,-0.35404024
4347,0.00082844496
4348,-0.4126401
4349,1.2572575
4350,-0.0767625
4351,0.04545334
4352,0.36030537
4353,0.27281222
4354,0.021530729
4355,0.081811465
4356,1.2007716
4357,1.1965157
4358,-0.5788279
4359,-0.012388788
4360,-0.53379893
4361,0.63946855
4362,0.8400179
4363,-0.25560936
4364,0.282256
4365,0.19245937
4366,0.3619989
4367,-0.06874325
4368,0.8793552
4369,0.589945
4370,0.13872159
4371,0.7679407
4372,0.0629656
4373,1.1049638
4374,0.35271296
4375,0.6195872
4376,0.74525315
4377,0.703125
4378,-0.454176
4379,-0.26625413
4380,1.0552684
4381,1.4153628
4382,0.42149284
4383,0.73321927
4384,0.1915539
4385,1.318734
4386,1.4538034
4387,0.09863799
4388,1.3698375
4389,0.08747924
4390,0.3616958
4391,0.5044169
4392,0.6082693
4393,0.15302742
4394,-0.58567524
4395,0.80965215
4396,0.5240407
4397,0.7652331
4398,0.2716365
4399,-0.17928256
4400,-0.2248382
4401,0.27975047
4402,0.061009414
4403,0.17629586
4404,1.60491
4405,1.1327672
4406,-0.55481184
4407,0.6703193
4408,-0.6140444
4409,0.015424736
4410,0.39326888
4411,0.9854264
4412,0.5024456
4413,1.257318
4414,1.2067399
4415,0.50216645
4416,0.30789107
4417,-0.9862561
4418,-0.028742999
4419,-1.167087
4420,0.09817451
4421,0.711859
4422,-0.43489698
4423,0.2471115
4424,0.41289774
4425,-0.25470138
4426,-0.7826582
4427,-0.947938
4428,1.0605156
4429,0.7696658
4430,-0.30466315
4431,0.40418768
4432,0.27405742
4433,1.13304
4434,1.0917895
4435,0.9175104
4436,0.042757105
4437,0.0008739084
4438,0.46267134
4439,0.105999276
4440,2.745949
4441,1.9391434
4442,1.3295922
4443,1.9935632
4444,1.6566967
4445,2.828032
4446,2.134265
4447,0.7168019
4448,1.230943
4449,-0.3239081
4450,-1.0770618
4451,-1.083116
4452,0.48026824
4453,0.9478724
4454,-1.2878252
4455,-0.4810512
4456,-0.12741888
4457,1.6074686
4458,1.7217877
4459,2.2453384
4460,1.7766786
4461,3.2618454
4462,2.6830175
4463,1.9777822
4464,0.23424281
4465,0.040528134
4466,-0.1746213
4467,0.11258896
4468,0.011291351
4469,1.2152101
4470,0.6797618
4471,-0.55836177
4472,0.9622653
4473,0.59715223
4474,-0.59509623
4475,0.2976441
4476,0.9955888
4477,-0.6462805
4478,0.09040911
4479,0.028306045
4480,1.0639216
4481,-0.53885543
4482,0.65618145
4483,0.41897973
4484,0.019248717
4485,0.14301915
4486,0.50195175
4487,0.6278274
4488,0.948135
4489,0.56019044
4490,0.12726228
4491,0.6382966
4492,1.3192393
4493,1.1770334
4494,0.79685795
4495,-0.66106117
4496,0.29213673
4497,-0.2985597
4498,-0.41745165
4499,0.46612784
4500,1.564608
4501,0.9059791
4502,-0.04444683
4503,-0.15521093
4504,-1.1991311
4505,0.09610972
4506,1.2174251
4507,0.03697062
4508,0.45920604
4509,0.8188749
4510,-0.6628848
4511,-0.09669696
4512,0.76180947
4513,-0.25632414
4514,-0.35404024
4515,0.00082844496
4516,-0.4126401
4517,1.2572575
4518,-0.07676755
4519,0.045436922
4520,0.36030537
4521,0.27281222
4522,0.021530729
4523,0.081811465
4524,1.2007716
4525,1.1965157
4526,-0.5788279
4527,-0.012388788
4528,-0.53379893
4529,0.63946855
4530,0.8400179
4531,-0.25560936
4532,0.282256
4533,0.19245937
4534,0.3619989
4535,-0.06874325
4536,0.8793552
4537,0.589945
4538,0.13872159
4539,0.7679407
4540,0.0629656
4541,1.1049638
4542,0.35268772
4543,0.61958843
4544,0.74525315
4545,0.703125
4546,-0.454176
4547,-0.26625413
4548,1.0552684
4549,1.4153628
4550,0.42149788
4551,0.73322684
4552,0.1915539
4553,1.318734
4554,1.4538034
4555,0.09863799
4556,1.3698375
4557,0.08747924
4558,0.3616958
4559,0.5044169
4560,0.6082693
4561,0.15302742
4562,-0.58567524
4563,0.80965215
4564,0.5240407
4565,0.7652331
4566,0.2716365
4567,-0.17928256
4568,-0.2248382
4569,0.27975047
4570,0.061009414
4571,0.17629586
4572,1.60491
4573,1.1327672
4574,-0.55483836
4575,0.67032313
4576,-0.6140444
4577,0.015424736
4578,0.39326888
4579,0.9854264
4580,0.5024456
4581,1.257318
4582,1.2067437
4583,0.502169
4584,0.30789107
4585,-0.9862561
4586,-0.028742999
4587,-1.167087
4588,0.09817451
4589,0.711859
4590,-0.43489698
4591,0.2471115
4592,0.41289774
4593,-0.25470138
4594,-0.7826582
4595,-0.947938
4596,1.0605156
4597,0.7696658
4598,-0.30466315
4599,0.40418768
4600,0.27405742
4601,1.13304
4602,1.0917895
4603,0.9175104
4604,0.042757105
4605,0.0008739084
4606,0.46267134
4607,0.105992965
4608,0.84795636
4609,0.8076467
4610,0.6558417
4611,0.15571229
4612,0.047645688
4613,1.3038992
4614,0.38884124
4615,0.23213507
4616,1.0475976
4617,0.5396991
4618,0.3900334
4619,0.7141928
4620,0.999433
4621,0.5777317
4622,-0.7914756
4623,0.855843
4624,0.90535647
4625,1.4922112
4626,0.95533466
4627,2.0634303
4628,1.6012691
4629,1.6149688
4630,1.0266479
4631,1.3907924
4632,0.23424281
4633,0.040528134
4634,-0.1746213
4635,0.11258896
4636,0.011291351
4637,1.2152101
4638,0.679753
4639,-0.55835676
4640,0.9622653
4641,0.59715223
4642,-0.59509623
4643,0.2976441
4644,0.9955888
4645,-0.6462805
4646,0.09040153
4647,0.028306045
4648,1.0639216
4649,-0.53885543
4650,0.65618145
4651,0.41897973
4652,0.019248717
4653,0.14301915
4654,0.50195175
4655,0.6278274
4656,0.8373785
4657,-0.58265823
4658,-0.73105466
4659,-0.7709994
4660,-1.3706408
4661,0.1950369
4662,0.23145187
4663,-0.36029148
4664,0.7065928
4665,1.0818582
4666,1.0275521
4667,0.99644375
4668,1.7163851
4669,1.2357961
4670,0.17555961
4671,0.28490424
4672,0.6081013
4673,0.30836844
4674,0.5694372
4675,0.75915486
4676,0.35962594
4677,-0.8237786
4678,0.29126406
4679,-0.5064173
4680,0.8373785
4681,-0.58265823
4682,-0.73105466
4683,-0.7709994
4684,-1.3706408
4685,0.1950369
4686,0.23145187
4687,-0.36029148
4688,0.7065928
4689,1.0818582
4690,1.0275521
4691,0.99644375
4692,1.7163851
4693,1.2357961
4694,0.17555708
4695,0.28491938
4696,0.6081013
4697,0.30836844
4698,0.5694372
4699,0.75915486
4700,0.35962594
4701,-0.8237786
4702,0.29125145
4703,-0.5064299
4704,5.956567
4705,6.35818
4706,6.5548654
4707,5.862619
4708,5.024271
4709,4.9247527
4710,5.0507207
4711,5.2182055
4712,4.751964
4713,2.9695888
4714,2.726372
4715,2.5243955
4716,1.7107363
4717,2.2022643
4718,4.441684
4719,5.8956575
4720,7.6040335
4721,8.145434
4722,8.255272
4723,7.6965213
4724,7.0102634
4725,5.9295125
4726,6.72441
4727,5.316237
4728,7.1638045
4729,7.482361
4730,6.8706756
4731,6.9433575
4732,5.93263
4733,4.7608395
4734,5.0020156
4735,5.871583
4736,4.001013
4737,2.2928174
4738,1.3925036
4739,1.4441375
4740,1.1204793
4741,2.099575
4742,4.051394
4743,6.9825797
4744,10.250364
4745,12.190504
4746,12.009586
4747,10.394316
4748,9.316556
4749,9.423047
4750,8.484981
4751,8.146452
4752,6.979667
4753,7.715543
4754,7.1475825
4755,6.5471563
4756,5.9413147
4757,5.6660047
4758,4.237904
4759,5.6782956
4760,4.3546686
4761,2.9697833
4762,1.9029608
4763,1.7711092
4764,1.6958116
4765,1.6749793
4766,5.0432873
4767,6.956205
4768,10.402592
4769,12.338732
4770,11.591932
4771,10.17223
4772,8.815317
4773,9.403476
4774,8.411401
4775,7.8946576
4776,8.281321
4777,8.982344
4778,8.466475
4779,7.635218
4780,6.962437
4781,7.0371714
4782,5.8546534
4783,6.942348
4784,6.4724855
4785,3.262031
4786,2.309826
4787,2.7890937
4788,1.8299567
4789,2.9933724
4790,5.091279
4791,6.7295675
4792,8.883724
4793,9.792075
4794,9.729218
4795,9.880473
4796,9.384594
4797,8.872719
4798,8.12047
4799,7.9294887
4800,6.8694105
4801,7.5458474
4802,7.00944
4803,7.132647
4804,6.44151
4805,5.4783425
4806,5.6718993
4807,6.0540485
4808,5.2883406
4809,3.5257683
4810,1.6402655
4811,2.203978
4812,1.8356913
4813,1.6485777
4814,4.815725
4815,6.143487
4816,8.064286
4817,8.333355
4818,9.076336
4819,8.627832
4820,8.206688
4821,7.237636
4822,7.6646376
4823,6.423139
4824,6.836624
4825,6.5875397
4826,6.508231
4827,6.597361
4828,5.956945
4829,5.050333
4830,4.68384
4831,5.257568
4832,4.1556997
4833,2.370032
4834,1.0109478
4835,1.8029475
4836,1.9458556
4837,2.1965358
4838,4.273815
4839,6.7192583
4840,9.401005
4841,12.472797
4842,11.296015
4843,9.190507
4844,8.573349
4845,8.574947
4846,7.6489744
4847,7.2961926
4848,7.0304
4849,7.045715
4850,6.91762
4851,5.985308
4852,5.433505
4853,5.683251
4854,5.1140027
4855,5.360374
4856,3.9628487
4857,1.7759246
4858,1.5034559
4859,1.0500426
4860,1.398871
4861,1.7658633
4862,3.7812932
4863,6.243019
4864,9.783443
4865,11.999291
4866,11.192942
4867,10.0180855
4868,8.5384865
4869,8.757356
4870,8.340554
4871,7.960292
4872,7.418609
4873,7.869153
4874,6.8800416
4875,6.81082
4876,5.800536
4877,5.240316
4878,4.928404
4879,5.6440105
4880,3.8686497
4881,2.4229577
4882,0.60125405
4883,1.3100581
4884,1.0651454
4885,1.0435034
4886,4.73592
4887,6.8211966
4888,10.037078
4889,11.875425
4890,11.507351
4891,9.77249
4892,8.904348
4893,8.820461
4894,8.347617
4895,7.6793313
4896,7.1638045
4897,7.482361
4898,6.8706756
4899,6.9433575
4900,5.93263
4901,4.7608395
4902,5.002022
4903,5.871584
4904,4.001013
4905,2.2928174
4906,1.3925036
4907,1.4441375
4908,1.1204793
4909,2.099575
4910,4.051394
4911,6.9825797
4912,10.250364
4913,12.190504
4914,12.009586
4915,10.394316
4916,9.316556
4917,9.423047
4918,8.484981
4919,8.146452
4920,6.979667
4921,7.715543
4922,7.1475825
4923,6.5471563
4924,5.9413147
4925,5.6660047
4926,4.237907
4927,5.6783032
4928,4.3546686
4929,2.9697833
4930,1.9029608
4931,1.7711092
4932,1.6958116
4933,1.6749793
4934,5.04329
4935,6.9562073
4936,10.402592
4937,12.338732
4938,11.591932
4939,10.17223
4940,8.815317
4941,9.403476
4942,8.411401
4943,7.8946576
4944,8.281321
4945,8.982344
4946,8.466475
4947,7.635218
4948,6.962437
4949,7.0371714
4950,5.8546534
4951,6.942348
4952,6.4724855
4953,3.262031
4954,2.309826
4955,2.7890937
4956,1.8299567
4957,2.9933724
4958,5.0912876
4959,6.7295613
4960,8.883724
4961,9.792075
4962,9.729218
4963,9.880473
4964,9.384594
4965,8.872719
4966,8.120465
4967,7.9294925
4968,6.8694105
4969,7.5458474
4970,7.00944
4971,7.132647
4972,6.44151
4973,5.4783425
4974,5.6718993
4975,6.0540485
4976,5.2883406
4977,3.5257683
4978,1.6402655
4979,2.203978
4980,1.8356913
4981,1.6485777
4982,4.815725
4983,6.143487
4984,8.064286
4985,8.333355
4986,9.076336
4987,8.627832
4988,8.206688
4989,7.237636
4990,7.6646295
4991,6.4231396
4992,6.836624
4993,6.5875397
4994,6.508231
4995,6.597361
4996,5.956945
4997,5.050333
4998,4.6838436
4999,5.2575593
5000,4.1556997
5001,2.370032
5002,1.0109478
5003,1.8029475
5004,1.9458556
5005,2.1965358
5006,4.273815
5007,6.7192583
5008,9.401005
5009,12.472797
5010,11.296015
5011,9.190507
5012,8.573349
5013,8.574947
5014,7.6489744
5015,7.2961926
5016,7.0304
5017,7.045715
5018,6.91762
5019,5.985308
5020,5.433505
5021,5.683251
5022,5.114002
5023,5.360371
5024,3.9628487
5025,1.7759246
5026,1.5034559
5027,1.0500426
5028,1.398871
5029,1.7658633
5030,3.7813058
5031,6.2430186
5032,9.783443
5033,11.999291
5034,11.192942
5035,10.0180855
5036,8.5384865
5037,8.757356
5038,8.340554
5039,7.960292
5040,7.418609
5041,7.869153
5042,6.8800416
5043,6.81082
5044,5.800536
5045,5.240316
5046,4.928404
5047,5.6440105
5048,3.8686497
5049,2.4229577
5050,0.60125405
5051,1.3100581
5052,1.0651454
5053,1.0435034
5054,4.7359166
5055,6.8211923
5056,10.037078
5057,11.875425
5058,11.507351
5059,9.77249
5060,8.904348
5061,8.820461
5062,8.347611
5063,7.6793356
5064,7.1638045
5065,7.482361
5066,6.8706756
5067,6.9433575
5068,5.93263
5069,4.7608395
5070,5.002022
5071,5.871584
5072,4.001013
5073,2.2928174
5074,1.3925036
5075,1.4441375
5076,1.1204793
5077,2.099575
5078,4.051394
5079,6.9825797
5080,10.250364
5081,12.190504
5082,12.009586
5083,10.394316
5084,9.316556
5085,9.423047
5086,8.484982
5087,8.14645
5088,6.979667
5089,7.715543
5090,7.1475825
5091,6.5471563
5092,5.9413147
5093,5.6660047
5094,4.237904
5095,5.6782956
5096,4.3546686
5097,2.9697833
5098,1.9029608
5099,1.7711092
5100,1.6958116
5101,1.6749793
5102,5.04329
5103,6.9562073
5104,10.402592
5105,12.338732
5106,11.591932
5107,10.17223
5108,8.815317
5109,9.403476
5110,8.411401
5111,7.8946576
5112,8.915852
5113,8.731816
5114,8.192409
5115,7.7184167
5116,7.232265
5117,7.243962
5118,6.0666065
5119,6.5416193
5120,4.9807324
5121,2.0135128
5122,0.15089568
5123,1.2122422
5124,-0.039644122
5125,1.9648517
5126,4.457497
5127,6.4783554
5128,10.681967
5129,12.354641
5130,11.000552
5131,10.792449
5132,9.368223
5133,9.84442
5134,8.97984
5135,8.336777
5136,6.8694105
5137,7.5458474
5138,7.00944
5139,7.132647
5140,6.44151
5141,5.4783425
5142,5.6718993
5143,6.0540485
5144,5.2883406
5145,3.5257683
5146,1.6402655
5147,2.203978
5148,1.8356913
5149,1.6485777
5150,4.81572
5151,6.1434875
5152,8.064286
5153,8.333355
5154,9.076336
5155,8.627832
5156,8.206688
5157,7.237636
5158,7.6646376
5159,6.423139
5160,6.836624
5161,6.5875397
5162,6.508231
5163,6.597361
5164,5.956945
5165,5.050333
5166,4.6838436
5167,5.2575593
5168,4.1556997
5169,2.370032
5170,1.0109478
5171,1.8029475
5172,1.9458556
5173,2.1965358
5174,4.273815
5175,6.7192583
5176,9.401005
5177,12.472797
5178,11.296015
5179,9.190507
5180,8.573349
5181,8.574947
5182,7.648973
5183,7.29619
5184,7.0304
5185,7.045715
5186,6.91762
5187,5.985308
5188,5.433505
5189,5.683251
5190,5.1140027
5191,5.360374
5192,3.9628487
5193,1.7759246
5194,1.5034559
5195,1.0500426
5196,1.398871
5197,1.7658633
5198,3.7813058
5199,6.2430186
5200,9.783443
5201,11.999291
5202,11.192942
5203,10.0180855
5204,8.5384865
5205,8.757356
5206,8.340554
5207,7.960292
5208,7.418609
5209,7.869153
5210,6.8800416
5211,6.81082
5212,5.800536
5213,5.240316
5214,4.9284077
5215,5.644005
5216,3.8686497
5217,2.4229577
5218,0.60125405
5219,1.3100581
5220,1.0651454
5221,1.0435034
5222,4.73592
5223,6.8211966
5224,10.037078
5225,11.875425
5226,11.507351
5227,9.77249
5228,8.904348
5229,8.820461
5230,8.347611
5231,7.6793356
5232,7.1638045
5233,7.482361
5234,6.8706756
5235,6.9433575
5236,5.93263
5237,4.7608395
5238,5.002022
5239,5.871584
5240,4.001013
5241,2.2928174
5242,1.3925036
5243,1.4441375
5244,1.1204793
5245,2.099575
5246,4.051404
5247,6.982574
5248,10.250364
5249,12.190504
5250,12.009586
5251,10.394316
5252,9.316556
5253,9.423047
5254,8.484981
5255,8.146452
5256,6.979667
5257,7.715543
5258,7.1475825
5259,6.5471563
5260,5.9413147
5261,5.6660047
5262,4.237904
5263,5.6782956
5264,4.3546686
5265,2.9697833
5266,1.9029608
5267,1.7711092
5268,1.6958116
5269,1.6749793
5270,5.04329
5271,6.9562073
5272,10.402592
5273,12.338732
5274,11.591932
5275,10.17223
5276,8.815317
5277,9.403476
5278,8.411392
5279,7.894658
5280,8.281321
5281,8.982344
5282,8.466475
5283,7.635218
5284,6.962437
5285,7.0371714
5286,5.8546534
5287,6.942348
5288,6.4724855
5289,3.262031
5290,2.309826
5291,2.7890937
5292,1.8299567
5293,2.9933724
5294,5.091279
5295,6.7295675
5296,8.883724
5297,9.792075
5298,9.729218
5299,9.880473
5300,9.384594
5301,8.872719
5302,8.120465
5303,7.9294925
5304,6.8694105
5305,7.5458474
5306,7.00944
5307,7.132647
5308,6.44151
5309,5.4783425
5310,5.6718993
5311,6.0540433
5312,5.2883406
5313,3.5257683
5314,1.6402655
5315,2.203978
5316,1.8356913
5317,1.6485777
5318,4.815725
5319,6.143487
5320,8.064286
5321,8.333355
5322,9.076336
5323,8.627832
5324,8.206688
5325,7.237636
5326,7.6646376
5327,6.423139
5328,5.956567
5329,6.35818
5330,6.5548654
5331,5.862619
5332,5.024271
5333,4.9247527
5334,5.0507207
5335,5.2182055
5336,4.751964
5337,2.9695888
5338,2.726372
5339,2.5243955
5340,1.7107363
5341,2.2022643
5342,4.4417014
5343,5.895665
5344,7.6040335
5345,8.145434
5346,8.255272
5347,7.6965213
5348,7.0102634
5349,5.9295125
5350,6.72441
5351,5.316237
5352,5.956567
5353,6.35818
5354,6.5548654
5355,5.862619
5356,5.024271
5357,4.9247527
5358,5.0507207
5359,5.2182055
5360,4.751964
5361,2.9695888
5362,2.726372
5363,2.5243955
5364,1.7107363
5365,2.2022643
5366,4.441684
5367,5.8956575
5368,7.6040335
5369,8.145434
5370,8.255272
5371,7.6965213
5372,7.0102634
5373,5.9295125
5374,6.7244067
5375,5.3162436
5376,17.068716
5377,18.682428
5378,17.687239
5379,15.151159
5380,14.226183
5381,14.161166
5382,13.175773
5383,13.253328
5384,11.999821
5385,7.504143
5386,5.9374866
5387,4.2036858
5388,4.17009
5389,7.133301
5390,10.920749
5391,13.810007
5392,17.51897
5393,20.182365
5394,20.857105
5395,21.45698
5396,18.16875
5397,18.402124
5398,17.421997
5399,16.6727
5400,22.422646
5401,23.982435
5402,20.963985
5403,17.747784
5404,16.585423
5405,15.811351
5406,14.772857
5407,12.83237
5408,11.172401
5409,7.584405
5410,6.1202817
5411,3.2923603
5412,4.5805416
5413,7.6590834
5414,14.792151
5415,28.858515
5416,40.59048
5417,48.1595
5418,34.643875
5419,29.993496
5420,27.103659
5421,27.12971
5422,23.663904
5423,22.715464
5424,23.335724
5425,25.18394
5426,21.894503
5427,18.299435
5428,17.085077
5429,16.737968
5430,15.044599
5431,13.230178
5432,11.44979
5433,7.4418454
5434,5.257692
5435,3.1206563
5436,4.210098
5437,7.267494
5438,14.923331
5439,27.462214
5440,40.70294
5441,47.788666
5442,35.455257
5443,30.8546
5444,27.393053
5445,26.968693
5446,24.428864
5447,23.81853
5448,23.414967
5449,26.116848
5450,22.52808
5451,20.063684
5452,18.631199
5453,18.797142
5454,16.695004
5455,15.770075
5456,14.416178
5457,9.064105
5458,6.357401
5459,4.7009163
5460,4.9966636
5461,8.564029
5462,13.681983
5463,18.127516
5464,22.04371
5465,26.344978
5466,27.216387
5467,27.90444
5468,24.058304
5469,22.88471
5470,22.305714
5471,20.532873
5472,19.846722
5473,22.992882
5474,21.638517
5475,18.128307
5476,16.595476
5477,17.235664
5478,15.967912
5479,15.221173
5480,14.347695
5481,8.684334
5482,5.8099117
5483,3.326151
5484,4.2250357
5485,7.448488
5486,12.790243
5487,14.641685
5488,17.559128
5489,21.951702
5490,23.174007
5491,25.195549
5492,20.336988
5493,21.403599
5494,19.798414
5495,18.812998
5496,15.8262415
5497,17.668034
5498,16.157877
5499,14.898669
5500,13.671322
5501,13.159353
5502,13.219532
5503,11.485321
5504,10.232113
5505,7.504437
5506,5.1322002
5507,3.974308
5508,4.4714065
5509,7.31103
5510,14.599993
5511,25.63488
5512,38.09794
5513,44.156944
5514,30.97437
5515,29.416767
5516,25.390732
5517,26.124607
5518,24.013556
5519,23.637861
5520,20.860834
5521,22.793919
5522,20.123142
5523,17.179497
5524,15.758186
5525,15.248537
5526,14.099553
5527,12.599612
5528,10.842427
5529,7.533677
5530,5.383443
5531,3.5771306
5532,4.1721025
5533,7.2014146
5534,14.516234
5535,27.062468
5536,36.307552
5537,45.283184
5538,31.752316
5539,29.07029
5540,24.632866
5541,25.936192
5542,22.370396
5543,22.982927
5544,21.410725
5545,22.4201
5546,20.168533
5547,17.1951
5548,15.857714
5549,15.32564
5550,14.296399
5551,12.585254
5552,10.987075
5553,7.9871826
5554,5.6401463
5555,3.9862094
5556,4.487961
5557,7.1496897
5558,14.732723
5559,26.56245
5560,38.934708
5561,46.46664
5562,32.32174
5563,28.376883
5564,24.14126
5565,26.600042
5566,24.014893
5567,23.279202
5568,22.422646
5569,23.982435
5570,20.963985
5571,17.747784
5572,16.585423
5573,15.811351
5574,14.772857
5575,12.83237
5576,11.172401
5577,7.584405
5578,6.1202817
5579,3.2923603
5580,4.5805416
5581,7.6590834
5582,14.792151
5583,28.858515
5584,40.59048
5585,48.1595
5586,34.643875
5587,29.993496
5588,27.103659
5589,27.12971
5590,23.663904
5591,22.715464
5592,23.335724
5593,25.18394
5594,21.894503
5595,18.299435
5596,17.085077
5597,16.737968
5598,15.044597
5599,13.230178
5600,11.44979
5601,7.4418454
5602,5.257692
5603,3.1206563
5604,4.210098
5605,7.267494
5606,14.923332
5607,27.462229
5608,40.70294
5609,47.788666
5610,35.455257
5611,30.8546
5612,27.393053
5613,26.968693
5614,24.428864
5615,23.81853
5616,23.414967
5617,26.116848
5618,22.52808
5619,20.063684
5620,18.631199
5621,18.797142
5622,16.695004
5623,15.770075
5624,14.416178
5625,9.064105
5626,6.357401
5627,4.7009163
5628,4.9966636
5629,8.564029
5630,13.681985
5631,18.127518
5632,22.04371
5633,26.344978
5634,27.216387
5635,27.90444
5636,24.058304
5637,22.88471
5638,22.305696
5639,20.532892
5640,19.846722
5641,22.992882
5642,21.638517
5643,18.128307
5644,16.595476
5645,17.235664
5646,15.967912
5647,15.221173
5648,14.347695
5649,8.684334
5650,5.8099117
5651,3.326151
5652,4.2250357
5653,7.448488
5654,12.790243
5655,14.641685
5656,17.559128
5657,21.951702
5658,23.174007
5659,25.195549
5660,20.336988
5661,21.403599
5662,19.798412
5663,18.812992
5664,15.8262415
5665,17.668034
5666,16.157877
5667,14.898669
5668,13.671322
5669,13.159353
5670,13.219532
5671,11.485322
5672,10.232113
5673,7.504437
5674,5.1322002
5675,3.974308
5676,4.4714065
5677,7.31103
5678,14.599993
5679,25.63488
5680,38.09794
5681,44.156944
5682,30.97437
5683,29.416767
5684,25.390732
5685,26.124607
5686,24.013556
5687,23.637861
5688,20.860834
5689,22.793919
5690,20.123142
5691,17.179497
5692,15.758186
5693,15.248537
5694,14.099553
5695,12.599612
5696,10.842427
5697,7.533677
5698,5.383443
5699,3.5771306
5700,4.1721025
5701,7.2014146
5702,14.516236
5703,27.062456
5704,36.307552
5705,45.283184
5706,31.752316
5707,29.07029
5708,24.632866
5709,25.936192
5710,22.370396
5711,22.982927
5712,21.410725
5713,22.4201
5714,20.168533
5715,17.1951
5716,15.857714
5717,15.32564
5718,14.296399
5719,12.585254
5720,10.987075
5721,7.9871826
5722,5.6401463
5723,3.9862094
5724,4.487961
5725,7.1496897
5726,14.732724
5727,26.56245
5728,38.934708
5729,46.46664
5730,32.32174
5731,28.376883
5732,24.14126
5733,26.600042
5734,24.014896
5735,23.2792
5736,22.422646
5737,23.982435
5738,20.963985
5739,17.747784
5740,16.585423
5741,15.811351
5742,14.772857
5743,12.83237
5744,11.172401
5745,7.584405
5746,6.1202817
5747,3.2923603
5748,4.5805416
5749,7.6590834
5750,14.792151
5751,28.858515
5752,40.59048
5753,48.1595
5754,34.643875
5755,29.993496
5756,27.103659
5757,27.12971
5758,23.66392
5759,22.715445
5760,23.335724
5761,25.18394
5762,21.894503
5763,18.299435
5764,17.085077
5765,16.737968
5766,15.044599
5767,13.230178
5768,11.44979
5769,7.4418454
5770,5.257692
5771,3.1206563
5772,4.210098
5773,7.267494
5774,14.923332
5775,27.462229
5776,40.70294
5777,47.788666
5778,35.455257
5779,30.8546
5780,27.393053
5781,26.968693
5782,24.428864
5783,23.81853
5784,21.77329
5785,22.511694
5786,20.478865
5787,18.136072
5788,16.330032
5789,16.75584
5790,15.151159
5791,13.28022
5792,11.880431
5793,7.7510877
5794,5.855725
5795,3.6182623
5796,4.4142923
5797,7.9799266
5798,15.718644
5799,27.411589
5800,34.156364
5801,42.77813
5802,32.63523
5803,29.33924
5804,25.817348
5805,23.878513
5806,21.064821
5807,20.529627
5808,19.846722
5809,22.992882
5810,21.638517
5811,18.128307
5812,16.595476
5813,17.235664
5814,15.967912
5815,15.221173
5816,14.347695
5817,8.684334
5818,5.8099117
5819,3.326151
5820,4.2250357
5821,7.448488
5822,12.790243
5823,14.641686
5824,17.559128
5825,21.951702
5826,23.174007
5827,25.195549
5828,20.336988
5829,21.403599
5830,19.798414
5831,18.812998
5832,15.8262415
5833,17.668034
5834,16.157877
5835,14.898669
5836,13.671322
5837,13.159353
5838,13.219532
5839,11.485322
5840,10.232113
5841,7.504437
5842,5.1322002
5843,3.974308
5844,4.4714065
5845,7.31103
5846,14.599993
5847,25.63488
5848,38.09794
5849,44.156944
5850,30.97437
5851,29.416767
5852,25.390732
5853,26.124607
5854,24.013565
5855,23.637856
5856,20.860834
5857,22.793919
5858,20.123142
5859,17.179497
5860,15.758186
5861,15.248537
5862,14.099553
5863,12.599612
5864,10.842427
5865,7.533677
5866,5.383443
5867,3.5771306
5868,4.1721025
5869,7.2014146
5870,14.516236
5871,27.062456
5872,36.307552
5873,45.283184
5874,31.752316
5875,29.07029
5876,24.632866
5877,25.936192
5878,22.370396
5879,22.982927
5880,21.410725
5881,22.4201
5882,20.168533
5883,17.1951
5884,15.857714
5885,15.32564
5886,14.296399
5887,12.585254
5888,10.987075
5889,7.9871826
5890,5.6401463
5891,3.9862094
5892,4.487961
5893,7.1496897
5894,14.732723
5895,26.56245
5896,38.934708
5897,46.46664
5898,32.32174
5899,28.376883
5900,24.14126
5901,26.600042
5902,24.014896
5903,23.2792
5904,22.422646
5905,23.982435
5906,20.963985
5907,17.747784
5908,16.585423
5909,15.811351
5910,14.772857
5911,12.83237
5912,11.172401
5913,7.584405
5914,6.1202817
5915,3.2923603
5916,4.5805416
5917,7.6590834
5918,14.792151
5919,28.85851
5920,40.59048
5921,48.1595
5922,34.643875
5923,29.993496
5924,27.103659
5925,27.12971
5926,23.663904
5927,22.715464
5928,23.335724
5929,25.18394
5930,21.894503
5931,18.299435
5932,17.085077
5933,16.737968
5934,15.044599
5935,13.230178
5936,11.44979
5937,7.4418454
5938,5.257692
5939,3.1206563
5940,4.210098
5941,7.267494
5942,14.923332
5943,27.462229
5944,40.70294
5945,47.788666
5946,35.455257
5947,30.8546
5948,27.393053
5949,26.968693
5950,24.428871
5951,23.818535
5952,23.414967
5953,26.116848
5954,22.52808
5955,20.063684
5956,18.631199
5957,18.797142
5958,16.695004
5959,15.770075
5960,14.416178
5961,9.064105
5962,6.357401
5963,4.7009163
5964,4.9966636
5965,8.564029
5966,13.681983
5967,18.127516
5968,22.04371
5969,26.344978
5970,27.216387
5971,27.90444
5972,24.058304
5973,22.88471
5974,22.305696
5975,20.532892
5976,19.846722
5977,22.992882
5978,21.638517
5979,18.128307
5980,16.595476
5981,17.235664
5982,15.967908
5983,15.221176
5984,14.347695
5985,8.684334
5986,5.8099117
5987,3.326151
5988,4.2250357
5989,7.448488
5990,12.790243
5991,14.641685
5992,17.559128
5993,21.951702
5994,23.174007
5995,25.195549
5996,20.336988
5997,21.403599
5998,19.798414
5999,18.812998
6000,17.068716
6001,18.682428
6002,17.687239
6003,15.151159
6004,14.226183
6005,14.161166
6006,13.175773
6007,13.253328
6008,11.999821
6009,7.504143
6010,5.9374866
6011,4.2036858
6012,4.17009
6013,7.133301
6014,10.920749
6015,13.810008
6016,17.51897
6017,20.182365
6018,20.857105
6019,21.45698
6020,18.16875
6021,18.402124
6022,17.421997
6023,16.6727
6024,17.068716
6025,18.682428
6026,17.687239
6027,15.151159
6028,14.226183
6029,14.161166
6030,13.175773
6031,13.253328
6032,11.999821
6033,7.504143
6034,5.9374866
6035,4.2036858
6036,4.17009
6037,7.133301
6038,10.920749
6039,13.810007
6040,17.51897
6041,20.182365
6042,20.857105
6043,21.45698
6044,18.16875
6045,18.402124
6046,17.421995
6047,16.6727
